study_id,age.at.test,dob,dot,gender,"Respond when name is called (e.g., by turning and looking at source)","Respond to ""no no"" by stopping what he//she is doing, at least for a moment","React to ""there's mommy/daddy"" by looking around for them",Are you hungry?,Are you tired/sleepy?,Be careful.,Be quiet.,Clap your hands.,Change diaper.,Come here/come on.,Daddy's/mommy's home.,Do you want more?,Don't do that.,Don't touch.,Get up.,Give it to mommy.,Give me a hug.,Give me a kiss.,Go get ____.,Good girl/boy.,Hold still.,Let's go bye bye.,Look/look here.,Open your mouth.,Sit down.,Spit it out.,Stop it.,Time to go night night.,Throw the ball.,This little piggy.,Want to go for a ride? ,"Some children like to ""parrot"" or imitate things that they've just heard (including new words that they are just learning, and/or parts of sentences, for example, repeating ""work now"" after mother says ""Mommy's going to work now."") How often does your child imitate words?","Some children like to go around naming or labeling things, as though proud of knowing the names and wanting to show this. How often does your child do this?",baa baa,choo choo,cockadoodledoo,grrr,meow,moo,ouch,quack quack,uh oh,vroom,woof woof,yum yum,animal,bear,bee,bird,bug,bunny,butterfly,cat,chicken,cow,deer,dog,donkey,duck,elephant,fish,frog,giraffe,goose,horse,kitty,lamb,lion,monkey,mouse,owl,penguin,pig,pony,puppy,sheep,squirrel,teddy bear,tiger,turkey,turtle,airplane,bicycle,bus,car,fire truck,motorcycle,stroller,train,truck,ball,balloon,block,book,bubbles,doll,pen,toy,apple,banana,bread,butter,cake,candy,carrots,cereal,cheerios,cheese,chicken,coffee,cookie,cracker,drink,egg,fish,food,ice cream,juice,meat,milk,noodles,orange,peas,pizza,raisin,spaghetti,toast,water,beads,bib,boots,button,coat,diaper,dress,hat,jacket,jeans,necklace,pajamas,pants,shirt,shoe,shorts,sock,sweater,zipper,arm,belly button,cheek,ear,eye,face,foot,finger,hair,hand,head,knee,leg,mouth,nose,owie/boo boo,tooth,toe,tongue,tummy,bathroom,bathtub,bed,bedroom,chair,couch,crib,door,drawer,garage,high chair,kitchen,living room,oven,play pen,potty,refrigerator,rocking chair,sink,stairs,stove,table,TV,window,blanket,bottle,bowl,box,broom,brush,clock,comb,cup,dish,fork,glass,glasses,hammer,keys,lamp,light,medicine,money,paper,penny,picture,pillow,plant,plate,purse,radio,scissors,soap,spoon,telephone,toothbrush,towel,trash,vacuum,watch,backyard,beach,church,flower,garden,home,house,moon,outside,park,party,pool,rain,rock,school,shovel,sky,slide,snow,star,store,sun,swing,tree,water,work,zoo,aunt,baby,babysitter,babysitter's name,boy,brother,child,daddy,girl,grandma,grandpa,lady,man,mommy,child's own name,people,person,sister,teacher,uncle,bath,breakfast,bye or bye bye,dinner,don't,hello,hi,lunch,nap,night night,no,patty cake,peekaboo,please,shh/shush/hush,thank you,wait,wanna/want to,yes,bite,blow,break,bring,bump,clean,close,cry,dance,draw,drink,drive,eat,fall,feed,finish,get,give,go,help,hit,hug,hurry,jump,kick,kiss,look,love,open,play,pull,push,put,read,ride,run,say,see,show,sing,sleep,smile,splash,stop,swim,swing,take,throw,tickle,touch,watch,walk,wash,wipe,write,day,later,morning,night,now,today,tomorrow,tonight,all gone,asleep,bad,big,blue,broken,careful,clean,cold,cute,dark,dirty,dry,empty,fast,fine,gentle,good,happy,hard,hot,hungry,hurt,little,naughty,nice,old,pretty,red,scared,sick,sleepy,soft,thirsty,tired,wet,yucky,his,her,I,it,me,mine,my,that,this,you,your,how,what,when,where,who,why,away,back,down,in,inside,off,on,out,there,under,up,all,another,more,none,not,other,same,some,Extends arm to show you something he/she is holding.,Reaches out and gives you a toy or some object that he/she is holding.,Points (with arm and index finger extended) at some interesting object or event.,Waves bye-bye on his/her own when someone leaves.,Extends his/her upward to signal a wish to be picked up.,"Shakes head ""no"".","Nods head ""yes"".","Gestures ""hush"" by placing finger to lips.",Requests something by extending arm and opening and closing hand.,Blows kisses from a distance.,"Smacks lips in a ""yum yum"" gesture to indicate the something tastes good.","Shrugs to indicate ""all gone"" or ""where'd it go"".",Play peekaboo.,Play patty cake.,"Play ""so big"".",Play chasing games.,Sing.,Dance.,Eat with a spoon or fork.,Drink from a cup containing liquid.,Comb or brush own hair.,Brush teeth.,Wipe face or hands with a towel or cloth. ,Put on hat.,Put on a shoe or sock.,"Put on a necklace, bracelet, or watch.",Lay head on hands and squeeze eyes shut as if sleeping.,Blow to indicate something is hot.,"Hold plane and make it ""fly"".",Put telephone to ear.,Sniff flowers.,Push toy car or truck.,Throw a ball.,Pour pretend liquid from one container to another. ,Stir pretend liquid in a cup or pan with a spoon. ,Put to bed.,Cover with blanket.,Feed with bottle.,Feed with spoon.,Brush/comb its hair.,Pat or burp it.,Push in stroller/buggy.,Rock it.,Kiss or hug it.,Try to put shoe or sock or hat on it.,Wipe its face or hands.,Talk to it.,Try to put diaper on it.,Sweep with broom or mop. ,Put key in door or lock.,Pound with hammer or mallet.,Attempt to use saw.,"""Type"" at a typewriter or computer keyboard.","""Read"" (opens book, turns page).",Vacuum.,Water plants.,"Play musical instrument (e.g., piano, trumpet).","""Drive"" car by turning steering wheel.",Wash dishes.,Clean with cloth or duster.,"Write with a pen, pencil, or marker.",Dig with a shovel.,Put on glasses.
XS_0801,9.3,6/1/2011,3/12/2012,female,Yes,Yes,Yes,No,No,No,No,No,No,No,No,No,Understands,No,Understands,No,No,No,No,No,No,No,No,Understands,No,No,No,No,No,No,No,Never,Never,No,No,No,No,No,No,No,No,No,No,No,No,No,No,No,No,No,No,No,No,No,No,No,No,No,No,No,No,No,No,No,No,No,No,No,No,No,No,No,No,No,No,No,No,No,No,No,No,No,No,No,No,No,No,No,No,No,No,No,No,No,No,No,No,No,No,No,No,No,No,No,No,No,No,No,No,No,No,No,No,No,No,No,No,No,No,No,No,No,No,No,No,No,No,No,No,No,No,No,No,No,No,No,No,No,No,No,No,No,No,No,No,No,No,No,No,No,No,No,No,No,No,No,No,No,No,No,No,No,No,No,No,No,No,No,No,No,No,No,No,No,No,No,No,No,No,No,No,No,No,No,No,No,No,No,No,No,No,No,No,No,No,No,No,No,No,No,No,No,No,No,No,No,No,No,No,No,No,No,No,No,No,No,No,No,No,No,No,No,No,No,No,No,No,No,No,No,No,No,No,No,No,No,No,No,No,No,No,No,No,No,No,No,No,No,No,No,No,No,No,No,No,No,No,No,No,No,No,No,No,No,No,No,No,No,No,No,No,No,No,No,No,No,No,No,No,No,No,No,No,No,No,No,No,No,No,No,No,No,No,No,No,No,No,No,No,No,No,No,No,No,No,No,No,No,No,No,No,No,No,No,No,No,No,No,No,No,No,No,No,No,No,No,No,No,No,No,No,No,No,No,No,No,No,No,No,No,No,No,No,No,No,No,No,No,No,No,No,No,No,No,No,No,No,No,No,No,No,No,No,No,No,No,No,No,No,No,No,No,No,No,No,No,No,No,No,No,No,No,No,No,No,No,No,No,No,No,No,No,No,No,No,No,No,No,No,No,No,No,No,No,No,No,No,No,No,No,No,No,No,No,No,No,No,No,No,No,No,No,No,No,No,No,No,No,No,NA,NA,NA,NA,NA,NA,NA,NA,NA,NA,NA,NA,NA,NA,NA,NA,NA,NA,NA,NA,NA,NA,NA,NA,NA,NA,NA,NA,NA,NA,NA,NA,NA,NA,NA,NA,NA,NA,NA,NA,NA,NA,NA,NA,NA,NA,NA,NA,NA,NA,NA,NA,NA,NA,NA,NA,NA,NA,NA,NA,NA,NA,NA
XS_0803,8,8/18/2011,4/18/2012,male,NA,No,Yes,No,No,No,No,No,No,No,Understands,Understands,No,No,No,No,No,No,No,No,No,No,No,No,No,No,No,No,No,Understands,Understands,Never,Never,No,No,No,No,No,No,No,No,No,No,No,No,No,No,No,No,No,No,No,No,No,No,No,No,No,No,No,No,No,No,No,No,No,No,No,No,No,No,No,No,No,No,No,No,No,No,No,No,No,No,No,No,No,No,No,No,No,No,No,No,No,No,No,No,No,No,No,No,No,No,No,No,No,No,No,No,No,No,No,No,No,No,No,No,No,No,No,No,No,No,No,No,No,No,No,No,No,No,No,No,No,No,No,No,No,No,No,No,No,No,No,No,No,No,No,No,No,No,No,No,No,No,No,No,No,No,No,No,No,No,No,No,No,No,No,No,No,No,No,No,No,No,No,No,No,No,No,No,No,No,No,No,No,No,No,No,No,No,No,No,No,No,No,No,No,No,No,No,No,No,No,No,No,No,No,No,No,No,No,No,No,No,No,No,No,No,No,No,No,No,No,No,No,No,No,No,No,No,No,No,No,No,No,No,No,No,No,No,No,No,No,No,No,No,No,No,No,No,No,No,No,No,No,No,No,No,No,No,Understands,No,No,No,No,No,Understands,No,No,No,No,No,No,No,No,No,No,No,No,No,No,No,No,No,No,No,No,No,No,No,No,No,No,No,No,No,No,No,No,No,No,No,No,No,No,No,No,No,No,No,No,No,No,No,No,No,No,No,No,No,No,No,No,No,No,No,No,No,No,No,No,No,No,No,No,No,No,No,No,No,No,No,No,Understands,No,No,No,No,No,No,No,No,No,No,No,No,No,No,No,No,No,No,No,No,No,No,No,No,No,No,No,No,No,No,No,No,No,No,No,No,No,No,No,No,No,No,No,No,No,No,No,No,No,No,No,No,No,No,No,No,No,No,No,No,No,No,No,No,No,No,No,No,No,No,No,No,No,No,No,No,No,No,No,No,No,No,No,No,Not Yet,Not Yet,Not Yet,Not Yet,Often,Not Yet,Not Yet,Sometimes,Sometimes,Not Yet,Not Yet,Not Yet,Yes,No,Yes,No,Yes,No,Yes,Yes,No,No,Yes,No,No,No,Yes,No,No,Yes,No,No,No,No,No,No,No,No,No,No,No,No,No,Yes,No,No,No,No,No,No,No,No,Yes,Yes,No,No,No,No,No,No,No,No,No
XS_0805,8.3,8/10/2011,4/20/2012,female,Yes,Yes,Yes,Understands,No,No,No,Understands,No,Understands,Understands,Understands,No,Understands,No,No,No,No,No,Understands,No,No,Understands,Understands,No,No,No,No,No,No,Understands,Never,Never,No,Understands,No,No,No,No,No,Understands,Understands,No,Understands,No,No,No,No,Understands,Understands,No,No,No,No,No,No,Understands,No,No,Understands,No,No,No,No,No,No,No,No,Understands,No,No,No,No,No,No,No,No,Understands,No,No,No,No,No,No,Understands,No,No,Understands,No,No,Understands,No,No,Understands,No,Understands,No,Understands,No,No,No,No,No,No,No,No,No,No,No,No,No,No,No,No,No,No,No,No,No,No,No,No,No,No,No,No,No,No,No,Understands,No,No,No,Understands,No,No,No,No,No,No,No,No,Understands,No,Understands,No,No,No,No,No,No,No,No,Understands,Understands,Understands,No,No,No,No,No,No,No,No,Understands,No,No,No,Understands,No,No,No,No,Understands,No,No,No,Understands,No,No,No,Understands,No,No,No,No,No,No,No,No,No,No,Understands,No,No,No,No,No,Understands,Understands,No,No,No,No,No,No,No,No,No,No,No,No,No,No,No,No,No,No,No,No,No,No,No,No,No,No,No,Understands,No,No,Understands,No,No,No,No,Understands,Understands,No,No,No,No,No,No,No,No,No,No,No,No,Understands,No,No,No,No,Understands,Understands,No,Understands,No,Understands,No,Produces,No,Understands,Understands,No,No,Produces,Understands,No,No,No,No,Understands,Understands,Understands,Understands,Understands,Understands,Understands,Understands,Understands,Understands,Understands,Understands,Understands,Understands,No,Understands,No,No,Understands,Understands,No,No,No,No,No,No,No,No,Understands,No,Understands,No,No,No,No,No,No,No,No,No,No,No,No,No,No,Understands,Understands,No,No,Understands,No,No,No,Understands,No,No,Understands,No,No,No,Understands,No,Understands,No,Understands,Understands,No,No,Understands,No,No,Understands,No,No,No,No,No,No,No,No,No,No,No,No,No,No,No,No,No,No,No,No,No,No,No,No,No,No,No,No,No,No,No,No,Understands,No,No,No,No,No,No,No,No,No,Understands,No,No,No,No,No,No,No,No,No,No,No,No,No,No,No,No,No,No,No,Understands,Understands,No,No,No,No,No,No,No,No,No,Understands,No,No,No,No,Understands,No,No,No,No,No,Sometimes,Sometimes,Not Yet,Not Yet,Often,Not Yet,Not Yet,Not Yet,Often,Not Yet,Often,Not Yet,Yes,No,No,No,No,Yes,No,Yes,Yes,No,No,No,No,No,No,No,No,No,No,Yes,Yes,No,No,No,No,No,No,No,No,No,No,Yes,No,No,No,No,No,No,No,No,No,No,No,No,No,No,No,No,No,No,No
XS_0807,7.5,9/11/2011,4/26/2012,male,Yes,Yes,Yes,No,No,No,No,No,No,No,No,No,No,No,No,No,No,No,No,No,No,No,No,No,No,No,No,No,No,No,No,Never,Never,No,No,No,No,No,No,No,No,No,No,No,No,No,No,No,No,No,No,No,No,No,No,No,No,No,No,No,No,No,No,No,No,No,No,No,No,No,No,No,No,No,No,No,No,No,No,No,No,No,No,No,No,No,No,No,No,No,No,No,No,No,No,No,No,No,No,No,No,No,No,No,No,No,No,No,No,No,No,No,No,No,No,No,No,No,No,No,No,No,No,No,No,No,No,No,No,No,No,No,No,No,No,No,No,No,No,No,No,No,No,No,No,No,No,No,No,No,No,No,No,No,No,No,No,No,No,No,No,No,No,No,No,No,No,No,No,No,No,No,No,No,No,No,No,No,No,No,No,No,No,No,No,No,No,No,No,No,No,No,No,No,No,No,No,No,No,No,No,No,No,No,No,No,No,No,No,No,No,No,No,No,No,No,No,No,No,No,No,No,No,No,No,No,No,No,No,No,No,No,No,No,No,No,No,No,No,No,No,No,No,No,No,No,No,No,No,No,No,No,No,No,No,No,No,No,No,No,No,No,No,No,No,No,No,No,No,No,No,No,No,No,No,No,No,No,No,No,No,No,No,No,No,No,No,No,No,No,No,No,No,No,No,No,No,No,No,No,No,No,No,No,No,No,No,No,No,No,No,No,No,No,No,No,No,No,No,No,No,No,No,No,No,No,No,No,No,No,No,No,No,No,No,No,No,No,No,No,No,No,No,No,No,No,No,No,No,No,No,No,No,No,No,No,No,No,No,No,No,No,No,No,No,No,No,No,No,No,No,No,No,No,No,No,No,No,No,No,No,No,No,No,No,No,No,No,No,No,No,No,No,No,No,No,No,No,No,No,No,No,No,No,No,No,No,No,No,No,No,No,No,No,No,No,No,No,No,No,No,No,No,No,No,No,No,No,No,NA,NA,NA,NA,NA,NA,NA,NA,NA,NA,NA,NA,NA,NA,NA,NA,NA,NA,NA,Yes,NA,NA,NA,NA,NA,NA,NA,NA,NA,NA,NA,NA,NA,NA,NA,NA,NA,NA,NA,NA,NA,NA,NA,NA,NA,NA,NA,NA,NA,NA,NA,NA,NA,NA,NA,NA,NA,NA,NA,NA,NA,NA,NA
XS_0811,8.8,8/13/2011,5/7/2012,male,Yes,No,Yes,Understands,Understands,No,No,No,Understands,No,Understands,No,No,No,No,No,No,Understands,No,No,No,Understands,No,No,No,No,No,No,No,No,No,Never,Never,No,No,No,No,No,No,No,No,No,No,No,No,No,No,No,No,No,No,No,No,No,No,No,No,No,No,No,No,No,No,No,No,No,No,No,No,No,No,No,No,No,No,No,No,No,No,No,No,No,Understands,No,Understands,No,No,No,No,No,No,No,No,No,No,No,No,No,No,No,No,No,No,No,No,No,No,No,No,No,No,No,No,No,No,No,No,No,No,Understands,No,No,No,No,No,No,No,No,No,No,No,No,No,No,No,No,No,No,No,No,No,No,No,No,No,No,No,No,No,No,No,No,No,No,No,No,No,No,No,No,No,No,No,No,No,No,No,No,No,No,No,No,No,No,No,No,No,No,No,No,No,No,No,No,No,No,No,No,No,No,No,No,No,No,No,No,No,No,No,No,No,No,No,No,No,No,No,No,No,No,No,No,No,No,No,No,No,No,No,No,No,No,No,No,No,No,No,No,No,No,No,No,No,No,No,No,No,No,No,No,No,No,No,No,No,No,No,No,No,No,No,No,No,No,No,No,No,No,No,No,No,Understands,No,No,No,No,No,No,No,No,No,No,No,No,Understands,Understands,Understands,No,No,No,No,No,No,Understands,No,Understands,Understands,No,No,No,No,No,No,No,No,No,No,No,No,No,No,No,No,No,No,No,No,No,No,No,No,No,No,No,No,No,No,No,No,No,No,No,No,No,No,No,No,No,No,No,No,No,No,No,No,No,No,No,No,No,No,No,No,No,No,No,No,No,No,No,No,No,No,No,No,No,No,No,No,No,No,No,No,No,No,No,No,No,No,No,No,No,No,No,No,No,No,No,No,No,No,No,No,No,No,No,No,No,No,No,No,No,No,No,No,No,No,No,No,No,No,No,No,No,No,No,No,No,No,No,No,No,No,No,No,No,No,No,No,No,No,No,No,No,No,No,No,No,No,Sometimes,Sometimes,Sometimes,Often,Often,Not Yet,Not Yet,Not Yet,Not Yet,Not Yet,Not Yet,Not Yet,Yes,Yes,No,No,No,No,Yes,Yes,No,Yes,No,No,No,No,No,No,No,No,No,Yes,No,No,No,No,No,No,No,No,No,No,No,No,No,No,No,No,No,No,No,No,No,No,No,No,No,No,No,Yes,No,No,No
XS_0814,9.6,8/3/2011,5/23/2012,male,Yes,Yes,Yes,No,No,No,No,No,No,Understands,No,No,No,No,No,No,No,No,No,No,No,No,No,Understands,No,No,No,No,No,No,No,Never,Never,No,No,No,No,No,No,No,No,No,No,No,No,No,No,No,No,No,No,No,No,No,No,No,No,No,No,No,No,No,No,No,No,No,No,No,No,No,No,No,No,No,No,No,No,No,No,No,No,No,No,No,No,No,No,No,No,No,No,No,No,No,No,No,No,No,No,No,No,No,No,No,No,No,No,No,No,No,No,No,No,No,No,No,No,No,No,No,No,No,No,No,No,No,No,No,No,No,No,No,No,No,No,No,No,No,No,No,No,No,No,No,No,No,No,No,No,No,No,No,No,No,No,No,No,No,No,No,No,No,No,No,No,No,No,No,No,No,No,No,No,No,No,No,No,No,No,No,No,No,No,No,No,No,No,No,No,No,No,No,No,No,No,No,No,No,No,No,No,No,No,No,No,No,No,No,No,No,No,No,No,No,No,No,No,No,No,No,No,No,No,No,No,No,No,No,No,No,No,No,No,No,No,No,No,No,No,No,No,No,No,No,No,No,No,No,No,No,No,No,No,No,No,No,No,No,No,No,No,Understands,No,No,No,No,No,Understands,Understands,No,No,No,No,No,No,No,No,No,No,No,No,No,No,No,No,No,Understands,No,No,No,No,No,No,No,No,No,No,No,No,No,No,No,No,No,No,No,No,No,No,No,No,No,No,No,No,No,No,No,No,No,No,No,No,No,No,No,No,No,No,No,No,No,No,No,No,No,No,No,No,No,No,No,No,No,No,No,No,No,No,No,No,No,No,No,No,No,No,No,No,No,No,No,No,No,No,No,No,No,No,No,No,No,No,No,No,No,No,No,No,No,No,No,No,No,No,No,No,No,No,No,No,No,No,No,No,No,No,No,No,No,No,No,No,No,No,No,No,No,No,No,No,No,No,No,No,No,No,No,No,No,No,No,No,No,No,No,No,No,No,Often,Sometimes,Not Yet,Not Yet,Often,Not Yet,Not Yet,Not Yet,Often,Not Yet,Not Yet,Not Yet,Yes,No,No,No,No,No,Yes,Yes,No,No,No,No,No,No,No,No,No,No,No,No,No,No,No,No,No,No,No,No,No,No,No,No,No,No,No,No,No,No,No,No,No,Yes,No,No,No,No,No,No,No,No,No
XS_0815,9.6,8/7/2011,5/25/2012,male,Yes,Yes,Yes,No,No,No,No,No,No,No,Understands,No,No,No,No,No,No,No,No,No,No,No,No,No,No,No,No,No,No,No,No,Never,Never,No,No,No,No,No,No,No,No,No,No,No,No,No,No,No,No,No,No,No,No,No,No,No,No,No,No,No,No,No,No,No,No,No,No,No,No,No,No,No,No,No,No,No,No,No,No,No,No,No,No,No,No,No,No,No,No,No,No,No,No,No,No,No,No,No,No,No,No,No,No,No,No,No,No,No,No,No,No,No,No,No,No,No,No,No,No,Understands,No,No,No,No,No,No,No,No,No,No,No,No,No,No,No,No,No,No,No,No,No,No,No,No,No,No,No,No,No,No,No,No,No,No,No,No,Understands,Understands,No,No,No,No,No,No,No,No,No,No,No,No,No,No,No,No,No,No,No,No,No,No,No,No,No,No,No,No,No,No,No,No,No,No,No,No,No,No,No,No,No,No,No,No,No,No,No,No,No,No,No,No,No,No,No,No,No,No,No,No,No,No,No,No,No,No,No,No,No,No,No,No,No,No,No,No,No,No,No,No,No,No,No,No,No,No,No,No,No,No,No,No,No,No,No,No,No,No,No,No,No,No,No,Understands,No,No,No,No,No,Understands,No,No,No,No,No,No,No,No,No,No,No,No,No,No,No,No,Understands,No,No,No,No,No,No,No,No,No,No,No,No,No,No,No,No,No,No,No,No,No,No,No,No,No,No,No,No,No,No,No,No,No,No,No,No,No,No,No,No,No,No,No,No,No,No,No,No,No,No,No,No,No,No,No,No,No,No,No,No,No,No,No,No,No,No,No,No,No,No,No,No,No,No,No,No,No,No,No,No,No,No,No,No,No,No,No,No,No,No,No,No,No,No,No,No,No,No,No,No,No,No,No,No,No,No,No,No,No,No,No,No,No,No,No,No,No,No,No,No,No,No,No,No,No,No,No,No,No,No,No,No,No,No,No,No,No,No,No,No,No,No,No,No,NA,NA,NA,NA,NA,Often,NA,NA,NA,NA,NA,NA,Yes,NA,NA,NA,NA,NA,NA,Yes,NA,NA,NA,NA,NA,NA,NA,NA,NA,NA,NA,Yes,Yes,NA,NA,NA,NA,NA,NA,NA,NA,NA,NA,NA,NA,NA,NA,NA,NA,NA,NA,NA,NA,NA,NA,NA,NA,NA,NA,NA,NA,NA,NA
XS_0819,8.9,10/31/2012,7/29/2013,female,Yes,No,Yes,No,No,No,No,No,No,Understands,Understands,Understands,No,No,No,No,No,No,No,Understands,No,No,Understands,No,No,No,No,No,No,No,No,Often,Never,No,No,No,No,No,No,No,No,No,No,Understands,Understands,No,No,No,No,No,No,No,No,No,No,No,Understands,No,No,No,No,No,No,No,No,No,No,No,No,No,No,No,No,No,No,No,No,No,No,No,No,No,No,No,No,No,No,No,No,No,No,No,No,No,No,No,No,No,No,No,No,No,No,No,No,No,No,No,No,No,No,No,No,No,No,No,No,No,No,No,No,No,No,No,No,No,No,No,No,No,No,No,No,No,No,No,No,No,No,No,No,No,No,No,No,No,No,No,No,No,No,No,No,No,No,No,No,No,No,No,No,No,No,No,No,No,No,No,No,No,No,No,No,No,No,No,No,No,No,No,No,No,No,No,No,No,No,No,No,No,No,No,No,No,No,No,No,No,No,No,No,No,No,No,No,No,No,No,No,No,No,No,No,No,No,No,No,No,No,No,No,No,No,No,No,No,No,No,No,No,No,No,No,No,No,No,No,No,No,No,No,No,No,No,No,No,No,No,No,No,No,No,No,No,No,No,No,No,No,Understands,No,Understands,No,Understands,Understands,No,No,Understands,Understands,No,No,No,No,No,No,No,No,No,No,No,Understands,No,No,No,No,No,Understands,No,No,No,No,No,No,No,No,No,No,No,No,No,No,No,No,No,No,Understands,No,No,No,No,No,No,No,No,No,No,No,No,No,No,No,No,No,No,No,No,No,No,No,No,No,No,No,No,No,No,No,No,No,No,No,No,No,No,No,No,No,No,No,No,No,No,No,No,No,No,No,No,No,No,No,No,No,No,No,No,No,No,No,No,No,No,No,No,No,No,No,No,No,No,No,No,No,No,No,No,No,No,No,No,No,No,No,No,No,No,No,No,No,No,No,No,No,No,No,No,No,No,No,No,No,No,No,No,No,No,No,No,No,No,No,No,No,No,No,No,No,No,No,Not Yet,Not Yet,Not Yet,Not Yet,Sometimes,Sometimes,Not Yet,Not Yet,Not Yet,Not Yet,Not Yet,Not Yet,Yes,No,Yes,No,No,No,No,No,No,No,No,No,No,No,No,No,No,No,No,No,No,No,No,No,No,No,No,No,No,No,No,No,No,No,No,No,No,No,No,No,No,No,No,No,No,No,No,No,No,No,No
XS_0820,,10/21/2012,7/30/2013,,Yes,Yes,Yes,No,No,Understands,Understands,No,No,No,Understands,Understands,Understands,Understands,No,No,No,No,No,Understands,Understands,No,No,No,No,No,Understands,No,No,No,No,Never,Never,No,No,No,No,No,No,Understands,No,Understands,Understands,No,No,No,No,No,No,No,No,No,No,No,No,No,Understands,No,No,No,No,No,No,No,No,No,No,No,No,No,No,No,No,No,No,No,No,No,No,No,No,No,No,No,No,No,No,No,No,No,Understands,No,No,No,No,No,No,Understands,No,No,No,No,No,No,No,No,No,No,No,No,No,No,No,No,No,Understands,No,No,No,No,No,No,No,No,No,No,No,Understands,No,No,No,No,No,No,No,No,No,No,No,No,No,No,No,No,No,No,No,No,No,No,No,No,No,No,No,No,No,No,No,No,No,No,No,No,No,No,No,No,No,No,No,No,No,No,No,No,No,No,No,No,No,No,Understands,No,No,No,No,No,No,No,No,Understands,No,No,No,No,No,No,No,No,No,No,No,No,No,No,No,No,No,No,No,No,No,No,No,No,No,No,No,No,No,No,No,No,No,No,No,No,No,No,No,No,No,No,No,No,No,No,No,No,No,No,No,No,No,No,No,No,No,No,No,No,No,No,No,Understands,No,No,No,No,No,Understands,No,No,No,No,No,Understands,No,No,No,No,No,No,No,No,No,No,Understands,No,Understands,No,No,No,Understands,No,No,Understands,Understands,No,Understands,Understands,No,No,No,No,No,No,No,No,No,No,No,No,No,Understands,No,No,No,No,No,No,No,No,No,No,No,No,Understands,No,No,No,No,No,No,No,No,No,No,No,Understands,No,No,No,No,No,No,No,No,No,No,No,No,No,No,No,No,No,No,No,No,No,No,No,No,No,Understands,No,No,No,No,No,Understands,No,No,No,No,No,No,No,No,No,Understands,No,No,No,No,No,No,No,No,No,No,No,No,No,No,No,No,No,No,No,No,No,No,No,No,No,No,No,No,No,No,No,No,No,No,No,No,No,No,No,No,No,No,No,No,No,No,No,No,No,No,Understands,No,No,No,No,No,Sometimes,Sometimes,Not Yet,Not Yet,Sometimes,Not Yet,Not Yet,Not Yet,Not Yet,Not Yet,Not Yet,Not Yet,Yes,No,No,No,No,No,Yes,Yes,No,Yes,No,No,No,No,No,No,No,No,No,Yes,No,No,No,No,No,No,No,No,No,No,No,No,No,No,No,No,No,No,No,No,No,No,No,No,No,No,No,No,No,No,No
XS_0821,7.5,12/20/2012,8/6/2013,female,Yes,No,No,No,No,No,No,No,No,No,No,No,No,No,No,No,No,No,No,No,No,No,No,No,No,No,No,No,No,No,No,Never,Never,No,No,No,No,No,No,No,No,No,No,No,No,No,No,No,No,No,No,No,No,No,No,No,No,No,No,No,No,No,No,No,No,No,No,No,No,No,No,No,No,No,No,No,No,No,No,No,No,No,No,No,No,No,No,No,No,No,No,No,No,No,No,No,No,No,No,No,No,No,No,No,No,No,No,No,No,No,No,No,No,No,No,No,No,No,No,No,No,No,No,No,No,No,No,No,No,No,No,No,No,No,No,No,No,No,No,No,No,No,No,No,No,No,No,No,No,No,No,No,No,No,No,No,No,No,No,No,No,No,No,No,No,No,No,No,No,No,No,No,No,No,No,No,No,No,No,No,No,No,No,No,No,No,No,No,No,No,No,No,No,No,No,No,No,No,No,No,No,No,No,No,No,No,No,No,No,No,No,No,No,No,No,No,No,No,No,No,No,No,No,No,No,No,No,No,No,No,No,No,No,No,No,No,No,No,No,No,No,No,No,No,No,No,No,No,No,No,No,No,No,No,No,No,No,No,No,No,No,No,No,No,No,No,No,No,No,No,No,No,No,No,No,No,No,No,No,No,No,No,No,No,No,No,No,No,No,No,No,No,No,No,No,No,No,No,No,No,No,No,No,No,No,No,No,No,No,No,No,No,No,No,No,No,No,No,No,No,No,No,No,No,No,No,No,No,No,No,No,No,No,No,No,No,No,No,No,No,No,No,No,No,No,No,No,No,No,No,No,No,No,No,No,No,No,No,No,No,No,No,No,No,No,No,No,No,No,No,No,No,No,No,No,No,No,No,No,No,No,No,No,No,No,No,No,No,No,No,No,No,No,No,No,No,No,No,No,No,No,No,No,No,No,No,No,No,No,No,No,No,No,No,No,No,No,No,No,No,No,No,No,No,No,No,No,No,No,Not Yet,Not Yet,Not Yet,Not Yet,Not Yet,Not Yet,Not Yet,Not Yet,Not Yet,Not Yet,Not Yet,Not Yet,No,No,No,No,No,No,No,No,No,No,No,No,No,No,No,No,No,No,No,No,No,No,No,No,No,No,No,No,No,No,No,No,No,No,No,No,No,No,No,No,No,No,No,No,No,No,No,No,No,No,No
XS_0822,9.3,10/26/2012,8/7/2013,male,Yes,Yes,Yes,No,Understands,Understands,No,No,Understands,Understands,Understands,No,No,No,No,No,No,No,No,No,No,No,No,No,No,No,No,No,No,No,No,Sometimes,NA,No,No,No,No,Produces,No,No,No,No,No,Understands,Produces,No,No,No,No,No,No,No,Understands,No,No,No,Understands,No,No,No,No,No,No,No,No,Understands,No,No,No,No,No,No,Understands,No,No,No,No,No,No,No,No,No,No,No,No,No,No,No,No,Understands,Understands,No,No,Understands,No,No,No,No,No,No,No,No,No,No,No,No,Understands,No,No,No,No,No,No,No,No,No,No,No,No,No,No,No,No,No,No,No,No,Understands,No,No,No,No,No,No,No,No,No,No,No,No,No,No,No,No,No,No,No,No,No,No,No,No,No,No,No,No,No,No,No,No,No,No,No,No,No,No,No,No,No,No,No,No,No,No,No,No,No,No,No,No,No,No,No,No,No,No,No,No,No,No,No,Understands,No,No,No,No,No,No,No,No,No,No,No,No,No,No,No,No,No,No,No,No,No,No,No,No,No,No,No,No,No,No,No,No,No,No,No,No,No,No,No,No,No,No,No,Understands,No,No,No,No,No,No,No,No,No,No,No,No,No,Understands,No,No,No,No,No,No,No,No,No,No,No,Understands,No,Understands,No,No,No,Understands,Understands,No,No,No,No,No,No,No,Understands,No,No,No,Produces,No,No,No,Understands,No,Understands,No,No,No,Understands,No,No,No,No,No,No,No,No,No,No,No,No,No,No,No,No,No,No,No,No,No,No,No,No,No,No,No,No,No,No,No,No,No,No,No,No,No,No,No,No,No,No,No,No,No,No,No,No,No,No,No,No,No,No,No,No,No,No,No,No,No,No,No,No,No,No,No,No,No,No,No,No,No,No,No,No,No,No,No,No,No,No,No,No,No,No,No,No,No,No,No,No,No,No,No,No,No,No,No,No,No,No,No,No,No,No,No,No,No,No,No,No,No,No,No,No,No,No,No,No,No,No,No,No,No,No,No,No,No,No,No,No,No,No,No,No,No,No,Sometimes,Sometimes,Not Yet,Often,Often,Not Yet,Not Yet,Not Yet,Sometimes,Not Yet,Often,Not Yet,Yes,Yes,No,Yes,No,No,Yes,Yes,No,No,No,No,No,No,Yes,No,No,No,No,Yes,No,No,No,No,No,No,No,No,No,No,No,No,No,No,No,No,No,No,No,No,No,Yes,No,No,Yes,No,No,No,No,No,No
XS_0825,8.7,12/5/2012,8/28/2013,female,NA,Yes,Yes,No,No,No,No,No,No,No,No,No,No,No,No,No,No,No,No,No,No,No,No,No,No,No,No,No,No,No,No,Never,Never,No,No,No,No,No,No,No,No,No,No,No,No,No,No,No,No,No,No,No,No,No,No,No,No,No,No,No,No,No,No,No,No,No,No,No,No,No,No,No,No,No,No,No,No,No,No,No,No,No,No,No,No,No,No,No,No,No,No,No,No,No,No,No,No,No,No,No,No,No,No,No,No,No,No,No,No,No,No,No,No,No,No,No,No,No,No,No,No,No,No,No,No,No,No,No,No,No,No,No,No,No,No,No,No,No,No,No,No,No,No,No,No,No,No,No,No,No,No,No,No,No,No,No,No,No,No,No,No,No,No,No,No,No,No,No,No,No,No,No,No,No,No,No,No,No,No,No,No,No,No,No,No,No,No,No,No,No,No,No,No,No,No,No,No,No,No,No,No,No,No,No,No,No,No,No,No,No,No,No,No,No,No,No,No,No,No,No,No,No,No,No,No,No,No,No,No,No,No,No,No,No,No,No,No,No,No,No,No,No,No,No,No,No,No,No,No,No,No,No,No,No,No,No,No,No,No,No,No,Understands,No,No,No,No,No,Understands,No,No,No,No,No,No,No,No,No,No,No,No,Understands,No,No,No,No,No,No,No,No,No,No,No,No,No,No,No,No,No,No,No,No,No,No,No,No,No,No,No,No,No,No,No,No,No,No,No,No,No,No,No,No,No,No,No,No,No,No,No,No,No,No,No,No,No,No,No,No,No,No,No,No,No,No,No,No,No,No,No,No,No,No,No,No,No,No,No,No,No,No,No,No,No,No,No,No,No,No,No,No,No,No,No,No,No,No,No,No,No,No,No,No,No,No,No,No,No,No,No,No,No,No,No,No,No,No,No,No,No,No,No,No,No,No,No,No,No,No,No,No,No,No,No,No,No,No,No,No,No,No,No,No,No,No,No,No,No,No,No,No,Not Yet,Sometimes,Not Yet,Not Yet,Sometimes,Not Yet,Not Yet,Not Yet,Not Yet,Not Yet,Not Yet,Not Yet,Yes,No,No,No,No,No,Yes,Yes,No,No,No,No,No,No,No,No,No,No,No,No,No,No,No,No,No,No,No,No,No,No,No,Yes,No,No,No,No,No,No,No,No,No,No,No,No,No,No,No,No,No,No,No
XS_0826,9,11/27/2012,8/28/2013,female,Yes,Yes,Yes,No,No,No,No,No,No,No,Understands,Understands,Understands,No,No,No,No,No,No,No,No,No,No,No,No,No,No,No,No,No,No,Sometimes,Never,No,No,No,No,No,No,No,No,No,No,No,No,No,No,No,No,No,No,No,No,No,No,No,No,No,No,No,No,No,No,No,No,No,No,No,No,No,No,No,No,No,No,No,No,No,No,No,No,No,No,No,No,No,No,No,No,No,No,No,No,No,No,No,No,No,No,No,No,No,No,No,No,No,No,No,No,No,No,No,No,No,No,No,No,No,No,No,No,No,No,No,No,No,No,No,No,No,No,No,No,No,No,No,No,No,No,No,No,No,No,No,No,No,No,No,No,No,No,No,No,No,No,No,No,No,No,No,No,No,No,No,No,No,No,No,No,No,No,No,No,No,No,No,No,No,No,No,No,No,No,No,No,No,No,No,No,No,No,No,No,No,No,No,No,No,No,No,No,No,No,No,No,No,No,No,No,No,No,No,No,No,No,No,No,No,No,No,No,No,No,No,No,No,No,No,No,No,No,No,No,No,No,No,No,No,No,No,No,No,No,No,No,No,No,No,No,No,No,No,No,No,No,No,No,No,No,No,No,No,No,No,No,No,No,No,No,No,No,No,No,No,No,No,Understands,No,No,No,Understands,No,No,Understands,Understands,No,No,No,No,No,No,No,No,No,No,No,No,No,No,No,No,No,No,No,No,Understands,No,No,No,No,No,No,No,No,No,No,No,No,No,No,No,No,No,No,No,No,No,No,No,No,No,No,No,No,No,No,No,No,No,No,No,No,No,No,No,No,No,No,No,No,No,No,No,No,No,No,No,No,No,No,No,No,No,No,No,No,No,No,No,No,No,No,No,No,No,No,No,No,No,No,No,No,No,No,No,No,No,No,No,No,No,No,No,No,No,No,No,No,No,No,No,No,No,No,No,No,No,No,No,No,No,No,No,No,No,No,No,No,No,No,No,No,No,No,No,No,No,No,No,Not Yet,Not Yet,Not Yet,Sometimes,Not Yet,Not Yet,Not Yet,Not Yet,Not Yet,Not Yet,Not Yet,Not Yet,Yes,No,No,No,No,Yes,No,Yes,No,No,No,No,No,No,No,No,No,No,No,Yes,No,No,No,No,No,No,No,No,No,No,No,No,No,No,No,No,No,No,No,No,No,No,No,No,No,No,No,No,No,No,No
XS_1201,11.7,6/9/2011,5/30/2012,female,Yes,Yes,Yes,Understands,Understands,Understands,Understands,Understands,Understands,Understands,Understands,Understands,Understands,Understands,Understands,Understands,Understands,Understands,Understands,Understands,No,Understands,Understands,No,No,No,Understands,Understands,No,Understands,No,Sometimes,Never,No,No,No,No,No,No,Understands,No,Understands,No,Understands,Understands,No,No,No,No,No,No,No,Understands,No,No,No,Produces,No,No,No,No,No,No,No,No,No,No,No,No,No,No,No,No,No,No,No,No,No,No,No,No,No,No,No,Understands,No,No,No,No,No,Understands,No,No,Understands,No,No,No,No,No,No,No,No,No,No,No,Understands,No,No,No,Understands,No,No,Understands,No,No,Understands,No,No,No,Understands,No,No,No,No,No,No,No,No,No,Understands,No,No,No,Understands,Understands,Understands,No,No,No,Understands,Understands,Understands,No,Understands,Understands,No,Understands,No,No,No,No,Understands,Understands,Understands,Understands,Understands,Understands,Understands,No,Understands,Understands,No,No,Understands,Understands,No,Understands,Understands,Understands,Understands,Understands,Understands,Understands,No,Understands,No,No,Understands,Understands,No,No,No,Understands,No,No,No,No,No,Understands,Understands,Understands,No,Understands,Understands,No,No,No,No,No,No,No,No,No,Understands,No,Understands,No,Understands,No,No,No,No,No,No,Understands,No,Understands,No,No,No,Understands,No,No,Understands,Understands,No,No,No,No,No,Understands,Understands,Understands,No,No,Understands,No,No,Understands,Understands,No,No,No,No,No,No,Understands,No,Understands,Understands,No,No,No,No,No,Understands,No,No,No,Understands,No,Produces,No,Produces,Understands,No,No,Produces,Understands,No,No,No,No,No,Understands,Understands,Understands,Understands,Understands,Produces,Produces,Understands,Understands,Understands,Understands,No,No,No,Understands,No,Understands,No,Understands,Understands,Understands,No,Understands,No,No,No,Understands,Understands,No,Understands,Understands,Understands,Understands,No,No,No,Understands,Understands,Understands,Understands,Understands,No,No,Understands,Understands,Understands,Understands,Understands,Understands,No,No,No,Understands,Understands,No,Understands,Understands,Understands,Understands,Understands,Understands,Understands,Understands,Understands,Understands,No,Understands,Understands,Understands,Understands,Understands,Understands,Understands,Understands,Understands,No,Understands,Understands,Understands,No,No,No,Understands,Understands,Understands,Understands,No,No,Understands,Understands,Understands,Understands,Understands,Understands,Understands,Understands,Understands,No,Understands,Understands,Understands,Understands,Understands,Understands,Understands,Understands,No,Understands,No,Understands,No,No,No,Understands,Understands,No,Understands,Understands,Understands,Understands,Understands,Understands,Understands,Understands,Understands,Understands,Understands,Understands,Understands,Understands,Understands,Understands,No,Understands,Understands,No,No,Understands,Understands,Understands,Understands,Understands,Understands,Understands,Understands,Understands,Understands,Understands,Understands,Understands,No,No,No,No,Understands,Often,Often,Often,Often,Often,Never,Never,Never,Often,Never,Often,Never,Yes,No,NA,Yes,Yes,Yes,Yes,Yes,No,No,Yes,Yes,No,No,No,No,No,Yes,Yes,Yes,Yes,No,No,No,No,No,No,No,No,No,Yes,Yes,No,No,Yes,No,No,Yes,Yes,No,Yes,Yes,No,No,Yes,Yes,No,Yes,No,No,Yes
XS_1205,12,7/15/2011,7/16/2012,male,Yes,Yes,Yes,No,No,No,No,No,No,Understands,No,Understands,Understands,No,No,No,No,No,No,Understands,No,Understands,No,No,No,No,No,Understands,No,No,No,Often,Never,No,No,No,No,Understands,No,No,No,Understands,No,No,Understands,No,No,No,No,No,No,No,Understands,No,No,No,No,No,No,No,No,No,No,No,No,Understands,No,No,No,No,No,Understands,No,No,No,No,No,No,No,No,No,No,No,No,Understands,No,No,Understands,Understands,Understands,Understands,Understands,Understands,Understands,No,No,No,Understands,No,Understands,Understands,No,No,No,Understands,No,Understands,No,No,No,No,Understands,No,Understands,No,No,No,No,No,Understands,No,No,Understands,Understands,No,No,No,Understands,No,No,No,No,No,Understands,No,No,No,No,No,No,No,No,No,No,No,No,No,No,No,No,No,No,No,No,No,No,No,No,No,No,No,No,Understands,No,No,No,No,No,Understands,No,No,No,No,No,No,No,No,No,No,No,No,No,No,No,No,No,No,No,No,No,No,Understands,Understands,No,Understands,No,No,No,No,Understands,No,No,No,Understands,No,Understands,No,No,No,No,No,No,No,No,No,No,No,No,No,No,No,No,No,No,No,No,No,Understands,No,No,No,No,No,No,No,Understands,No,No,Understands,No,No,No,No,No,No,No,No,No,No,No,Understands,Understands,No,No,No,No,No,No,No,No,No,Understands,No,No,No,No,No,Understands,No,No,No,Understands,No,No,Understands,Understands,Understands,Understands,Understands,Understands,Understands,No,Understands,Understands,Understands,No,Understands,No,Understands,Understands,No,No,Understands,No,No,No,No,Understands,No,No,No,Understands,No,No,No,Understands,No,No,No,No,No,No,No,No,No,No,No,No,No,No,No,No,No,No,Understands,No,No,No,No,No,No,No,No,No,No,No,No,No,No,No,No,No,No,No,Understands,No,No,No,No,No,No,No,No,No,No,No,Understands,No,No,No,No,No,No,No,No,No,No,No,No,No,No,No,No,No,No,No,No,No,No,No,No,No,No,No,No,No,No,No,No,No,No,No,No,No,No,No,No,No,No,No,No,No,No,No,No,No,No,No,No,No,No,No,No,No,No,No,No,No,No,No,No,No,No,No,No,No,No,No,No,Often,Often,Sometimes,Often,Often,Not Yet,Not Yet,Not Yet,Sometimes,Not Yet,Not Yet,Not Yet,Yes,No,Yes,No,No,Yes,Yes,Yes,No,No,Yes,Yes,No,No,No,No,No,No,No,Yes,Yes,No,No,No,No,No,No,No,No,No,No,No,No,No,No,No,No,Yes,Yes,No,No,Yes,No,Yes,Yes,No,No,No,Yes,Yes,No
XS_1208,13.5,6/10/2011,7/26/2012,male,Yes,Yes,Yes,No,No,No,No,Understands,Understands,Understands,No,Understands,No,No,No,No,Understands,No,Understands,No,No,Understands,Understands,No,Understands,No,No,Understands,Understands,No,No,Sometimes,Never,No,No,No,No,Understands,No,No,No,Produces,No,Understands,Understands,No,No,No,No,No,No,No,Understands,No,No,No,Understands,No,No,No,No,No,No,No,No,Produces,No,No,No,No,No,No,No,No,No,No,No,No,No,No,No,No,No,No,No,No,No,No,No,No,Produces,Understands,No,Produces,No,No,No,Understands,No,Understands,No,No,No,No,No,No,Produces,Produces,No,No,No,No,No,Understands,No,No,No,No,No,Understands,No,No,No,No,No,No,No,Produces,No,No,No,No,No,Understands,No,No,No,No,No,No,No,No,Produces,No,No,No,No,No,No,No,No,No,No,No,No,No,No,No,No,No,No,No,No,No,No,No,No,No,Understands,Understands,No,No,No,No,No,No,No,No,No,No,No,No,No,No,No,No,Understands,No,No,No,No,No,Produces,No,No,No,No,Understands,Understands,No,No,No,No,No,No,No,No,No,No,No,No,No,No,No,No,No,No,No,No,No,No,Understands,No,No,No,No,No,No,No,No,No,No,No,No,No,No,No,No,No,No,No,No,No,No,No,No,No,No,No,No,No,No,No,No,No,No,No,No,No,No,No,No,No,No,Understands,No,No,Produces,Understands,No,No,No,No,No,Understands,No,Understands,No,No,No,No,No,No,Understands,Understands,No,Understands,No,Understands,No,No,No,No,Understands,Understands,No,No,No,No,No,No,Understands,No,Understands,No,No,No,No,No,No,No,No,No,No,No,No,No,No,No,No,No,No,No,No,No,No,No,No,No,No,No,No,No,No,Understands,No,No,No,No,No,No,No,No,No,Understands,No,No,No,No,No,No,No,No,No,No,No,No,No,No,No,No,No,No,No,No,No,No,No,No,No,No,No,No,No,No,No,No,No,No,No,No,No,No,No,No,No,No,No,No,No,No,No,No,No,No,No,No,Understands,No,No,No,No,No,No,No,No,No,No,No,No,No,No,No,No,No,No,No,No,No,No,No,No,No,Understands,No,No,No,No,No,Often,Often,Often,Not Yet,Sometimes,Often,Not Yet,Not Yet,Often,Not Yet,Sometimes,Not Yet,Yes,No,No,Yes,Yes,Yes,Yes,Yes,Yes,Yes,No,No,Yes,No,No,Yes,No,Yes,No,Yes,Yes,No,No,No,No,No,No,No,No,No,No,No,No,No,No,No,No,No,Yes,No,Yes,Yes,No,No,Yes,No,No,No,No,No,No
XS_1211,13.1,4/11/2012,5/16/2013,female,Yes,Yes,Yes,Understands,No,No,No,Understands,Understands,Understands,Understands,Understands,No,No,No,Understands,No,Understands,Understands,Understands,No,No,Understands,Understands,No,No,No,Understands,Understands,No,No,Often,Sometimes,No,Understands,No,Produces,No,No,No,Produces,No,No,No,No,No,No,No,No,No,Understands,No,No,No,No,No,Produces,No,Produces,Understands,No,No,No,No,No,No,No,Understands,No,No,No,No,No,No,No,No,No,Understands,No,No,No,No,No,No,Understands,No,No,Understands,Understands,No,Understands,Understands,No,Understands,No,Understands,No,Understands,No,No,No,No,No,No,No,Understands,Understands,Understands,No,No,No,Understands,No,No,No,No,No,No,No,Produces,No,No,No,No,No,No,No,Produces,No,Understands,No,No,No,Understands,No,Understands,No,No,No,No,No,No,Understands,No,Understands,No,No,No,Understands,No,No,Understands,No,No,No,Understands,No,Understands,No,No,No,Understands,No,Understands,Understands,No,No,No,No,No,No,Understands,No,No,Understands,No,No,No,No,No,No,No,No,No,No,No,Understands,No,No,No,Understands,Understands,Understands,Understands,No,No,No,No,No,No,No,No,No,Understands,No,Produces,No,No,No,No,No,No,No,No,No,No,No,No,No,No,Understands,No,Understands,No,No,No,No,No,No,No,No,No,No,No,No,Understands,No,No,No,No,No,No,No,No,Understands,No,No,No,No,Understands,No,No,No,No,No,Understands,No,No,No,No,No,Produces,No,Understands,Produces,No,No,Produces,Produces,No,No,No,No,No,Produces,No,Produces,No,No,No,Produces,No,No,Understands,Produces,Understands,Understands,No,No,No,No,No,No,No,No,No,No,No,No,No,No,Understands,No,No,No,Understands,No,No,No,No,Understands,No,No,No,No,No,No,No,Understands,No,No,Understands,No,No,Understands,No,No,No,No,No,No,No,No,No,No,No,No,No,No,No,No,No,No,No,No,No,No,No,No,No,No,No,No,No,No,No,Understands,No,No,No,No,No,No,No,No,No,No,No,No,No,No,No,No,No,No,No,No,No,No,No,No,No,No,No,No,No,No,No,No,No,No,No,No,No,No,No,No,No,No,No,Produces,Produces,No,No,No,No,No,No,No,No,No,Understands,Understands,No,No,No,No,Understands,No,No,Produces,No,No,Produces,No,No,No,No,No,Often,Often,Sometimes,Often,Often,Not Yet,Not Yet,Not Yet,Not Yet,Not Yet,Not Yet,Not Yet,No,Yes,No,No,No,Yes,Yes,Yes,Yes,Yes,Yes,Yes,Yes,Yes,No,No,No,Yes,No,Yes,Yes,No,Yes,NA,NA,NA,Yes,NA,NA,Yes,NA,Yes,NA,NA,NA,NA,NA,NA,Yes,NA,Yes,Yes,NA,NA,Yes,NA,NA,Yes,NA,NA,Yes
XS_1216,11.4,6/14/2012,5/28/2013,male,Yes,Yes,Yes,Understands,No,No,No,No,Understands,Understands,Understands,Understands,Understands,No,No,No,No,No,No,No,No,No,Understands,Understands,No,No,Understands,Understands,No,No,Understands,Never,Never,No,No,No,No,Understands,No,No,No,Understands,No,No,No,No,No,No,Understands,No,No,No,Produces,No,No,No,Understands,No,Understands,No,No,No,No,No,No,Produces,Understands,No,No,No,No,No,Understands,No,No,No,No,No,No,No,No,No,No,No,No,No,No,No,No,Understands,Understands,No,No,Understands,No,No,No,No,No,No,No,No,No,No,No,No,No,No,No,No,No,Understands,No,No,No,No,No,No,No,Understands,No,No,No,No,No,No,No,Understands,No,Understands,No,No,No,Understands,No,No,No,No,No,No,No,No,No,No,No,No,No,No,No,No,No,No,No,No,No,No,No,No,No,No,No,No,No,No,No,No,No,No,No,No,No,No,No,No,No,No,No,No,No,No,No,No,No,No,No,No,Understands,No,No,No,No,Understands,Produces,No,No,No,No,No,No,No,No,No,No,No,No,No,No,No,No,No,No,No,No,No,No,No,No,No,No,No,No,No,No,No,No,No,No,No,No,No,No,No,No,No,No,No,Understands,No,No,No,No,No,No,No,No,No,No,No,No,No,No,Understands,No,No,No,No,No,No,No,No,No,Produces,No,No,No,No,No,Produces,Understands,No,No,Understands,No,No,Understands,No,Understands,No,No,No,Understands,No,No,Understands,Understands,No,Understands,No,No,No,No,No,Understands,No,No,No,No,No,No,No,No,No,No,No,No,Understands,No,No,No,No,No,No,No,No,No,No,No,No,No,No,No,No,No,No,No,No,No,No,No,No,No,No,No,Understands,No,Understands,Understands,No,No,No,No,No,No,No,Understands,No,No,No,No,No,No,No,No,No,No,No,Understands,No,No,No,No,No,No,No,No,No,No,No,No,No,No,No,No,No,No,No,No,No,No,No,No,No,No,No,No,No,No,Understands,No,No,No,No,Understands,No,No,No,No,No,No,No,No,No,No,No,No,No,No,No,No,No,No,No,Understands,No,No,No,No,No,No,No,Understands,No,No,Understands,No,No,No,No,No,Sometimes,NA,Sometimes,Sometimes,Often,Often,Sometimes,Not Yet,Not Yet,Not Yet,Sometimes,Not Yet,Yes,No,No,No,No,Yes,Yes,Yes,No,No,No,No,No,No,No,No,No,No,No,Yes,No,No,No,No,No,No,No,No,No,No,No,Yes,No,No,No,No,No,No,No,No,No,Yes,No,No,No,No,No,No,No,No,No
XS_1218,13.1,4/30/2012,6/4/2013,male,Yes,Yes,Yes,No,No,No,No,Understands,No,Understands,Understands,No,Understands,Understands,No,Understands,No,No,No,No,No,Understands,No,No,No,No,No,No,No,No,No,Never,Never,No,No,No,Understands,Understands,No,No,No,Understands,Understands,No,Understands,No,No,No,No,No,No,No,Understands,No,No,No,Understands,No,No,No,No,No,No,No,No,Understands,No,No,No,No,No,No,No,No,Understands,No,No,No,No,No,No,No,No,No,Understands,No,No,No,No,Understands,Understands,No,No,No,No,No,No,No,No,No,No,No,No,No,No,No,No,No,No,No,No,No,No,No,No,No,No,No,No,Understands,No,No,No,No,No,No,No,No,No,No,No,No,No,No,No,No,No,No,No,No,No,No,Understands,No,No,No,No,No,No,No,No,No,No,No,No,No,No,No,No,No,No,No,No,No,Understands,No,Understands,No,No,No,No,No,No,No,No,No,No,Understands,No,No,No,No,No,No,No,No,No,No,No,No,No,No,Understands,No,No,No,No,No,No,No,No,No,No,No,No,No,No,No,No,No,No,No,No,No,No,No,No,No,No,No,No,No,No,No,No,No,No,No,No,No,No,No,No,No,No,Understands,No,No,No,No,No,No,No,No,No,No,No,No,No,No,No,No,No,No,No,No,No,No,No,No,No,Understands,No,Understands,Understands,No,No,Understands,Understands,No,No,No,No,No,No,No,Understands,No,Understands,Understands,Understands,No,No,No,Understands,No,Understands,No,No,Understands,No,No,No,No,No,No,No,No,No,No,No,No,No,No,No,No,No,No,No,No,Understands,No,No,No,Understands,No,Understands,No,No,No,No,No,No,No,No,No,No,No,No,No,No,No,No,No,No,Understands,No,No,No,No,No,No,No,No,No,No,No,No,No,No,No,No,No,No,No,No,Understands,No,No,No,No,No,No,No,No,No,No,No,No,No,No,No,Understands,No,No,No,No,No,No,No,No,Understands,No,No,No,No,No,No,No,No,No,No,No,No,No,No,No,No,No,No,No,No,No,No,No,No,No,No,No,No,No,No,Understands,No,No,Understands,No,No,No,No,Understands,No,No,No,No,No,No,No,No,Often,Often,Sometimes,Sometimes,Sometimes,Not Yet,Not Yet,Not Yet,Sometimes,Not Yet,Sometimes,Not Yet,Yes,No,No,Yes,No,Yes,Yes,Yes,No,No,No,No,No,No,Yes,No,No,Yes,No,Yes,Yes,No,No,NA,NA,NA,NA,NA,NA,NA,NA,NA,NA,NA,NA,NA,NA,NA,Yes,NA,Yes,Yes,NA,NA,Yes,NA,NA,NA,NA,NA,NA
XS_1219,11.5,6/22/2012,6/7/2013,female,Yes,Yes,Yes,Understands,No,No,No,Understands,No,Understands,Understands,No,No,No,No,No,No,No,No,No,No,No,Understands,No,No,No,Understands,No,No,No,No,Never,Never,No,No,No,No,No,No,No,No,No,No,No,No,No,No,No,No,No,No,No,No,No,No,No,No,No,No,No,No,No,No,No,No,No,No,No,No,No,No,No,No,No,No,No,No,No,No,No,No,No,No,No,No,No,No,No,No,No,No,No,No,Produces,No,No,No,No,No,No,No,No,No,No,No,No,No,No,No,No,No,No,No,No,No,No,No,No,No,Understands,No,No,No,No,No,No,No,Understands,No,No,No,No,No,No,No,No,No,No,No,No,No,No,No,No,No,No,No,No,No,No,No,No,No,No,No,No,No,No,No,No,No,No,No,No,No,No,No,No,No,No,No,No,No,No,No,No,No,No,No,No,No,No,No,No,No,No,No,No,No,No,No,No,No,No,No,No,No,No,No,No,No,No,No,No,No,No,No,No,No,No,No,No,No,No,No,No,No,No,No,No,No,No,No,No,No,No,No,No,No,No,No,No,No,No,No,No,No,No,No,No,No,No,No,No,No,No,No,No,No,No,No,No,No,No,No,Understands,No,No,No,Understands,No,Understands,No,No,No,No,No,Understands,Understands,No,No,Understands,No,No,Understands,No,Understands,No,Understands,Understands,Understands,No,No,No,No,Understands,No,No,Understands,No,No,No,Understands,No,No,No,No,No,No,No,No,Understands,No,No,No,Understands,No,No,No,No,No,Understands,No,No,No,No,Understands,No,No,Understands,No,No,No,No,No,No,No,No,No,No,No,No,No,No,No,No,Understands,No,No,No,No,No,No,No,No,No,No,No,No,No,No,No,No,No,No,No,No,No,No,No,No,No,No,No,No,Understands,No,No,No,No,No,No,No,No,No,No,No,Understands,No,No,No,No,No,Understands,No,No,No,No,No,No,No,No,No,No,No,No,No,No,No,No,No,No,No,No,No,No,No,No,No,No,No,No,No,No,No,No,No,No,No,No,No,No,No,No,No,No,No,No,No,Sometimes,NA,NA,Sometimes,Often,Often,Often,NA,Often,NA,NA,Sometimes,Yes,Yes,NA,NA,Yes,Yes,Yes,Yes,NA,NA,NA,Yes,NA,NA,NA,NA,NA,Yes,NA,NA,NA,NA,NA,NA,NA,NA,NA,NA,NA,NA,NA,NA,NA,NA,NA,NA,NA,NA,Yes,NA,Yes,Yes,NA,NA,NA,NA,NA,NA,NA,NA,NA
XS_1222,12.7,6/24/2012,7/17/2013,female,Yes,Yes,Yes,No,No,No,No,Understands,No,No,Understands,No,No,No,No,Understands,No,No,No,Understands,No,Understands,No,No,No,No,Understands,No,No,No,No,Never,Never,No,No,No,No,No,No,No,No,No,No,Understands,No,No,No,No,No,No,No,No,No,No,No,No,No,No,No,No,No,No,No,No,No,No,No,No,No,No,No,No,No,No,No,No,No,No,No,No,No,No,No,No,No,No,No,No,No,No,No,No,No,No,No,No,No,No,No,No,No,No,No,No,No,No,No,No,No,No,No,No,No,No,No,No,No,No,No,Understands,No,No,No,No,No,No,No,No,No,No,No,No,No,No,No,No,No,No,No,No,No,No,No,No,No,No,No,No,No,No,No,No,No,No,No,No,No,No,No,No,No,No,No,No,No,No,No,No,No,No,No,No,No,No,No,No,No,No,No,No,No,No,No,No,No,No,No,No,No,No,No,No,No,No,No,No,No,No,No,No,No,No,No,No,No,No,No,No,No,No,No,No,No,No,No,No,No,No,No,No,No,No,No,No,No,No,No,No,No,No,No,No,No,No,No,No,No,No,No,No,No,No,No,No,No,No,No,No,No,No,No,No,No,No,No,No,No,No,No,No,No,Produces,No,No,No,No,No,Understands,No,No,No,No,No,No,No,No,No,No,No,No,No,No,No,No,No,No,No,No,No,No,No,No,No,No,No,No,No,No,No,No,No,No,No,No,No,No,No,No,No,No,No,No,No,No,No,No,No,No,No,No,No,No,No,No,No,No,No,No,No,No,No,No,No,No,No,No,No,No,No,No,No,No,No,No,No,No,No,No,No,No,No,No,No,No,No,No,No,No,No,No,No,No,No,No,No,No,No,No,No,No,No,No,No,No,No,No,No,No,No,No,No,No,No,No,No,No,No,No,No,No,No,No,No,No,No,No,No,No,No,No,No,No,No,No,No,No,No,No,No,No,No,No,No,No,No,No,No,No,No,No,No,No,No,No,No,No,No,No,No,Sometimes,Sometimes,Not Yet,Sometimes,Often,Not Yet,Not Yet,Not Yet,Not Yet,Not Yet,Not Yet,Not Yet,Yes,No,No,No,No,No,No,Yes,No,No,No,No,No,No,No,No,No,No,No,No,No,No,No,No,No,No,No,No,No,No,No,No,No,No,No,No,No,No,No,No,No,No,No,No,No,No,No,No,No,No,No
XS_1224,12.5,7/14/2012,7/30/2013,female,Yes,Yes,Yes,Understands,Understands,Understands,No,Understands,Understands,Understands,Understands,Understands,Understands,Understands,Understands,Understands,No,No,Understands,Understands,No,Understands,Understands,No,Understands,Understands,No,Understands,No,No,Understands,Never,Never,Understands,No,No,No,Understands,Understands,Understands,Understands,Produces,Understands,No,Produces,No,No,No,No,No,No,No,No,No,No,No,No,No,No,No,No,No,No,No,No,No,No,No,No,No,No,No,No,No,No,No,No,No,No,No,No,No,No,No,No,No,No,Understands,No,No,Understands,Understands,No,Understands,No,No,No,Understands,No,No,No,No,No,No,Understands,No,Understands,No,No,No,No,No,No,No,No,No,No,No,No,No,No,No,No,No,No,No,No,No,No,No,No,No,No,Understands,No,No,No,No,No,No,No,No,No,No,No,No,No,No,Understands,No,No,No,No,No,No,No,Understands,No,No,No,No,No,No,No,No,No,No,No,Understands,Understands,No,No,No,No,No,No,No,No,No,No,No,No,No,No,No,No,No,No,No,No,No,No,No,No,No,No,No,No,Understands,Understands,No,No,No,No,No,Understands,No,Understands,No,No,No,No,No,No,No,No,No,No,No,No,Understands,No,No,No,No,No,No,No,No,Understands,Understands,No,No,No,Understands,No,No,No,No,No,No,No,No,No,No,No,No,No,No,No,No,No,No,No,No,No,No,No,No,Understands,No,Understands,No,Produces,Understands,No,No,Understands,Understands,No,No,No,No,No,Understands,No,Understands,No,No,No,Understands,No,Understands,No,Understands,No,No,No,Understands,Understands,No,No,No,No,Understands,No,No,No,No,No,No,No,No,Understands,No,Understands,No,No,No,No,No,Understands,Understands,Understands,Understands,No,No,No,No,No,No,No,No,No,No,No,No,No,No,No,No,Understands,No,No,No,No,Understands,No,No,No,No,No,No,No,No,No,No,No,No,No,No,No,No,No,No,No,Understands,No,No,No,No,No,No,No,No,No,No,No,No,No,No,No,No,No,No,No,No,No,No,No,No,No,No,No,No,No,No,No,No,No,Understands,Understands,Understands,No,No,No,No,No,No,No,No,No,No,No,No,No,No,No,No,No,No,No,No,No,No,No,No,No,No,No,No,Understands,No,Understands,No,No,No,No,No,Often,Often,Often,Often,Often,Often,NA,NA,NA,NA,Sometimes,NA,Yes,Yes,Yes,Yes,No,Yes,Yes,Yes,Yes,No,No,Yes,No,No,No,No,No,Yes,No,Yes,Yes,No,No,No,No,No,No,No,No,No,No,No,No,No,Yes,No,No,No,Yes,No,Yes,Yes,No,No,Yes,No,No,No,No,Yes,No
XS_1225,13.1,7/5/2012,8/9/2013,female,Yes,Yes,Yes,No,No,Understands,Understands,Understands,No,Understands,Understands,No,Understands,No,Understands,No,No,No,No,No,No,Understands,Understands,No,No,No,No,No,No,No,No,Sometimes,Often,No,No,No,No,Understands,Understands,No,Understands,No,No,Understands,No,No,No,No,No,No,No,No,Understands,No,No,No,No,No,No,No,No,No,No,No,No,Understands,No,No,No,No,No,No,Understands,No,No,No,No,Understands,No,No,No,No,No,No,No,No,No,No,No,No,Understands,Produces,No,Understands,No,No,No,No,No,No,No,No,No,No,No,No,No,No,No,No,No,No,No,No,No,No,No,No,No,Understands,No,No,No,No,No,No,No,Understands,No,No,No,No,No,No,No,Produces,No,No,No,No,No,No,No,No,No,No,No,No,No,No,No,No,No,No,No,No,No,No,No,No,No,No,No,No,No,No,No,No,No,No,No,No,No,No,No,No,No,No,No,No,No,No,No,No,No,No,No,No,No,No,No,No,No,No,No,No,No,No,No,No,No,No,No,No,No,No,No,Understands,No,No,No,No,No,No,No,No,No,No,No,No,No,No,No,No,No,No,No,No,No,No,No,No,No,No,No,Understands,No,No,No,No,No,No,No,No,No,No,No,No,No,No,No,No,No,No,Understands,Understands,No,No,No,No,No,Produces,No,Understands,Understands,No,No,Produces,Understands,No,No,No,No,No,No,No,Produces,No,No,Understands,Produces,No,No,Produces,Understands,No,Understands,No,Understands,No,No,No,Produces,No,No,No,No,No,No,No,No,No,No,No,No,No,No,No,No,No,No,No,No,No,No,No,No,No,No,No,No,No,No,No,No,No,No,No,No,No,No,No,No,No,No,No,No,No,No,No,No,No,No,No,No,No,No,No,No,No,No,No,No,No,No,No,No,No,No,No,No,No,No,No,No,No,No,No,No,No,No,No,No,No,No,No,No,No,No,No,No,No,No,No,No,No,No,No,No,No,No,No,Understands,No,No,No,No,No,No,No,Produces,Produces,No,No,No,No,No,No,No,No,No,No,No,No,No,No,No,No,No,No,Produces,No,No,No,No,No,No,No,No,Often,Often,Often,Often,Not Yet,Not Yet,Not Yet,Not Yet,Sometimes,Not Yet,Not Yet,Not Yet,Yes,No,No,Yes,Yes,Yes,Yes,Yes,No,No,No,Yes,Yes,No,No,No,No,Yes,No,No,No,No,No,No,No,Yes,No,No,No,No,No,No,No,No,No,No,No,No,No,No,No,Yes,No,No,Yes,No,No,No,Yes,No,No
XS_1229,13.7,7/4/2012,8/26/2013,male,Yes,Yes,Yes,Understands,Understands,Understands,No,No,Understands,Understands,Understands,Understands,Understands,Understands,No,Understands,No,Understands,No,No,No,Understands,No,Understands,No,Understands,Understands,Understands,No,No,Understands,Often,Sometimes,Produces,Produces,Produces,No,No,No,Understands,Understands,Produces,Produces,Produces,Understands,No,No,No,Produces,No,No,No,No,Understands,Understands,No,Produces,No,Understands,No,Produces,Understands,No,No,Understands,Produces,No,No,No,No,No,No,Understands,No,Produces,Understands,No,No,No,No,Understands,Understands,Understands,Understands,Understands,Understands,Understands,Understands,Understands,Understands,Produces,Understands,Understands,Understands,Produces,No,No,No,Understands,Understands,Understands,No,Understands,No,No,No,Produces,Produces,Understands,Understands,Understands,Understands,Produces,No,Produces,Understands,No,Produces,Understands,Understands,Understands,No,No,Understands,No,No,Understands,Understands,No,No,No,No,No,Understands,No,Understands,No,No,No,Understands,No,No,Produces,No,No,No,No,No,No,No,Produces,Understands,No,Understands,No,Produces,No,Understands,No,No,Understands,Understands,Produces,Understands,Understands,No,No,No,Understands,Understands,No,No,No,Understands,No,No,No,No,No,No,No,No,No,No,No,No,No,No,No,Understands,No,Understands,Produces,No,Understands,Understands,Understands,No,No,Understands,No,Understands,No,No,No,No,No,Produces,Understands,No,Understands,No,No,Understands,No,No,No,No,No,Understands,Understands,No,Understands,No,Understands,Understands,No,No,No,Understands,No,No,Understands,Understands,Produces,Produces,Understands,Understands,Understands,No,No,No,No,Understands,Understands,No,Understands,Understands,No,Understands,Understands,Understands,Understands,No,No,Produces,No,No,No,Produces,No,Produces,No,Understands,Understands,No,No,Produces,Understands,No,No,No,No,No,Produces,Understands,Produces,Understands,Understands,No,Produces,Understands,No,Produces,Produces,No,Understands,No,Produces,No,No,No,No,Understands,Understands,No,No,No,No,No,No,Understands,No,Understands,No,Understands,Understands,No,No,No,No,Understands,No,Understands,Understands,No,No,No,Understands,Understands,No,No,No,No,No,No,No,No,No,No,No,No,No,Understands,No,Understands,Understands,Understands,Understands,No,Understands,No,No,No,Understands,No,Understands,No,No,No,No,No,No,No,No,No,Understands,No,Understands,No,Understands,Understands,Understands,No,Understands,No,No,Understands,No,No,No,No,Understands,No,No,No,No,Understands,No,No,Understands,Understands,No,No,No,No,No,No,No,No,No,No,Understands,No,No,No,No,No,No,No,No,Produces,No,No,No,Understands,No,No,Understands,No,No,No,Understands,Understands,No,Produces,No,No,No,No,Understands,No,No,Produces,No,No,No,No,Understands,Often,Often,Often,Often,Often,Sometimes,Not Yet,Not Yet,Not Yet,Sometimes,Sometimes,Not Yet,Yes,No,No,Yes,Yes,Yes,Yes,Yes,Yes,Yes,No,Yes,Yes,No,No,Yes,No,Yes,Yes,Yes,Yes,No,No,No,No,Yes,Yes,No,Yes,No,No,Yes,No,No,No,No,Yes,No,Yes,No,No,Yes,No,No,Yes,No,No,Yes,Yes,Yes,Yes
XS_1230,13.1,7/27/2012,8/30/2013,female,Yes,Yes,Yes,No,No,Understands,No,Understands,Understands,Understands,No,Understands,Understands,No,No,Understands,Understands,Understands,Understands,No,No,No,Understands,No,Understands,Understands,Understands,No,Understands,No,Understands,Sometimes,Never,Produces,No,No,Produces,Produces,Understands,Understands,No,No,No,Understands,Produces,No,Understands,Understands,Understands,No,No,No,Understands,Produces,No,No,Produces,No,No,Understands,No,No,No,No,No,Understands,No,Understands,Understands,No,Understands,No,No,No,No,No,Understands,No,No,No,No,Understands,No,No,Understands,No,No,No,Understands,No,Produces,No,No,Understands,No,No,No,Understands,Understands,Understands,Understands,No,No,No,Understands,Understands,Understands,Produces,No,No,No,No,Understands,Understands,No,Understands,No,No,No,Understands,No,No,Understands,No,No,No,Understands,Produces,No,Understands,No,No,No,Understands,No,Understands,No,No,No,No,Understands,No,Understands,No,No,No,No,Understands,No,No,No,Understands,No,Understands,No,No,No,No,No,Understands,No,Understands,No,No,Understands,No,No,No,Understands,No,Understands,No,No,No,Understands,No,No,Understands,No,Understands,No,No,No,Understands,Understands,No,Understands,No,No,No,No,No,Understands,No,No,No,No,No,No,Understands,No,No,No,No,No,No,No,Understands,No,No,No,No,No,No,No,No,No,No,No,No,Understands,No,Understands,No,No,No,No,Understands,No,No,No,No,Understands,No,Understands,Understands,Understands,No,No,No,Understands,No,No,No,Understands,No,No,No,No,Understands,Produces,Produces,No,No,No,Understands,No,No,No,No,No,Understands,No,No,No,No,No,Produces,Understands,No,No,No,No,No,Understands,Understands,Produces,Understands,Understands,Understands,Produces,Understands,Understands,No,Produces,No,Understands,No,Understands,No,Understands,No,Understands,No,No,No,Understands,No,No,Understands,No,No,No,Understands,No,Understands,Understands,No,No,Understands,Understands,No,No,No,Understands,No,No,No,Understands,Understands,No,Understands,No,No,No,Understands,No,No,No,Understands,No,No,No,No,No,No,Understands,No,Understands,No,No,No,No,No,Understands,No,No,No,No,No,No,No,No,No,No,No,Understands,No,No,No,Produces,No,Understands,No,Understands,No,No,No,No,No,No,No,Understands,No,No,No,No,No,Understands,No,No,No,No,No,Understands,No,No,No,No,No,No,No,No,No,No,No,No,No,No,No,No,No,No,No,No,No,No,No,No,No,No,No,Produces,Understands,No,Understands,Understands,Understands,No,No,Understands,No,No,Understands,No,No,No,No,No,Often,Often,Often,Sometimes,Often,Not Yet,Not Yet,Not Yet,Often,Not Yet,Not Yet,Not Yet,Yes,No,No,Yes,No,Yes,Yes,Yes,Yes,Yes,Yes,Yes,Yes,Yes,No,No,No,No,No,Yes,Yes,No,No,No,No,No,No,No,No,No,No,Yes,No,No,No,No,No,Yes,No,No,Yes,Yes,Yes,No,Yes,No,No,No,No,No,No
XS_1604,17.8,12/21/2010,6/15/2012,male,Yes,Yes,Yes,Understands,No,No,No,Understands,Understands,No,Understands,Understands,Understands,Understands,No,Understands,No,Understands,Understands,No,No,Understands,No,No,Understands,No,No,Understands,Understands,No,No,Often,Sometimes,Understands,Produces,No,Produces,Understands,Produces,Produces,Produces,Produces,Understands,Produces,Understands,No,Understands,No,Understands,No,Understands,Understands,Understands,No,Understands,No,Understands,No,Produces,Understands,Understands,Understands,Understands,No,Understands,Understands,No,Understands,Understands,No,Understands,No,Understands,No,Understands,Understands,No,No,Understands,No,No,Understands,No,Understands,Understands,Understands,No,Understands,Understands,Understands,Understands,Understands,Understands,Understands,Understands,No,No,No,Understands,Produces,Understands,No,No,No,Understands,Understands,Understands,Produces,No,Understands,Understands,Understands,No,No,No,Understands,Understands,No,No,Understands,Understands,No,Understands,Understands,No,No,No,Understands,No,Understands,No,No,No,Understands,No,Produces,No,No,No,Understands,Understands,Understands,Understands,No,Understands,No,No,No,Understands,No,Understands,No,No,No,No,Understands,No,Understands,No,No,Understands,Understands,No,Understands,Understands,Understands,No,No,Understands,No,No,Understands,Understands,No,Understands,No,No,No,Understands,No,No,No,No,Understands,No,No,Understands,No,No,Understands,No,Understands,No,Understands,Understands,No,No,No,Understands,Understands,No,Understands,No,No,No,Understands,No,Understands,No,No,No,No,No,Understands,No,Understands,Understands,No,No,No,Understands,Understands,Understands,No,No,No,No,No,No,No,Understands,No,No,No,Understands,Understands,No,No,No,No,No,No,No,Understands,Understands,No,No,Understands,No,Understands,Understands,Understands,No,Understands,No,Understands,No,No,No,Understands,No,Produces,No,Understands,Understands,No,No,Produces,Understands,No,No,No,No,No,Understands,Understands,Produces,Understands,No,Understands,Understands,Understands,Understands,Understands,Produces,No,Understands,No,Understands,No,No,No,Understands,Understands,Understands,No,No,No,No,No,No,Understands,No,Understands,No,Understands,No,No,No,Understands,Understands,Produces,No,No,Understands,No,Understands,No,Understands,Understands,No,Understands,No,No,No,No,Understands,No,No,Understands,Understands,No,No,Understands,Understands,Understands,Understands,No,Understands,No,Understands,No,No,No,Understands,No,No,No,No,No,No,No,No,No,No,No,Produces,No,No,No,Understands,No,Understands,No,Produces,No,No,No,No,Understands,No,No,Understands,No,Understands,No,Produces,Understands,No,No,No,No,No,No,Understands,No,No,No,No,No,No,No,Understands,No,No,No,No,No,No,No,No,No,No,No,No,Understands,No,Understands,No,No,No,No,No,Understands,Understands,Understands,No,Understands,Understands,Understands,Understands,Understands,No,Understands,No,No,No,No,No,Often,Often,Often,Sometimes,Often,Often,Not Yet,Not Yet,Often,Often,Not Yet,Not Yet,Yes,Yes,Yes,Yes,No,Yes,Yes,Yes,Yes,Yes,Yes,Yes,Yes,Yes,Yes,Yes,Yes,Yes,Yes,Yes,Yes,Yes,Yes,No,No,No,No,No,No,No,No,No,No,No,No,No,Yes,Yes,Yes,No,Yes,Yes,No,No,Yes,Yes,No,No,Yes,Yes,Yes
XS_1612,15.5,7/14/2011,10/30/2012,male,Yes,Yes,Yes,No,No,No,No,Understands,Understands,Understands,Understands,Understands,Understands,No,No,Understands,Understands,Understands,Understands,No,No,Understands,No,Understands,Understands,Understands,No,Understands,Understands,No,No,Sometimes,Sometimes,No,Produces,No,Produces,Produces,Produces,No,Produces,Produces,Produces,No,Produces,No,Understands,No,Understands,No,Understands,No,Produces,No,Understands,No,Produces,No,Produces,Understands,Understands,No,No,No,No,Produces,No,Understands,No,No,No,No,No,No,No,No,No,No,No,No,No,Produces,Understands,No,Understands,Understands,No,Understands,Understands,Understands,Produces,Understands,No,Produces,Produces,No,Understands,No,Produces,Understands,Understands,No,Understands,No,No,No,Understands,No,No,No,Produces,Produces,Produces,Understands,No,No,Understands,Produces,No,Understands,No,No,No,No,No,No,Understands,Produces,No,No,No,Understands,No,Understands,No,Produces,No,No,No,No,Understands,Understands,Produces,No,Understands,No,No,No,No,No,Understands,Understands,No,No,No,No,No,Understands,No,No,Understands,Produces,No,Understands,No,Understands,Understands,No,Understands,No,No,No,No,No,Understands,No,No,No,No,No,No,No,No,No,No,No,Understands,No,Understands,Understands,No,Understands,No,No,No,No,Understands,No,No,Understands,No,No,No,Understands,No,Produces,No,Produces,No,Understands,No,No,No,No,No,No,No,No,No,Produces,Understands,Understands,Understands,No,No,Understands,No,No,No,No,No,No,No,No,No,No,No,No,No,No,No,Understands,Understands,No,Understands,No,No,No,No,Understands,Understands,Produces,No,No,No,Produces,No,No,No,No,No,Produces,No,Produces,Understands,No,No,Produces,Understands,No,No,No,No,No,Produces,Understands,Produces,Understands,Understands,Produces,Produces,No,Understands,Produces,Understands,No,Understands,No,No,No,No,No,Understands,No,No,No,No,No,No,No,No,Understands,Understands,Understands,No,No,Understands,No,No,No,Understands,No,No,Understands,Understands,No,Understands,Understands,Understands,Understands,Produces,Understands,No,No,No,No,No,No,No,Understands,No,No,No,No,No,Understands,No,No,Understands,No,Understands,Understands,No,No,No,No,No,No,No,No,No,No,No,No,No,No,No,No,No,No,No,No,No,No,No,No,No,No,No,No,No,No,No,No,No,No,No,No,No,No,No,No,No,No,No,No,No,No,No,No,No,No,No,No,No,No,No,No,No,No,No,No,No,No,No,No,No,Understands,No,No,No,No,Produces,Understands,No,No,No,No,No,Produces,Produces,No,No,Understands,No,No,No,No,No,Often,Sometimes,Often,Often,Sometimes,Often,Not Yet,Not Yet,Not Yet,Not Yet,Often,Not Yet,Yes,No,Yes,Yes,Yes,Yes,Yes,Yes,Yes,Yes,No,Yes,Yes,No,Yes,No,No,Yes,No,Yes,Yes,No,No,No,No,Yes,No,No,No,No,No,No,No,No,No,No,Yes,Yes,Yes,No,Yes,Yes,No,No,Yes,Yes,No,No,Yes,Yes,Yes
XS_1614,17,12/10/2011,5/10/2013,female,Yes,Yes,Yes,Understands,No,Understands,Understands,Understands,Understands,Understands,Understands,Understands,Understands,Understands,Understands,Understands,Understands,Understands,Understands,No,No,Understands,Understands,Understands,Understands,No,Understands,Understands,Understands,No,Understands,Often,Sometimes,Produces,Understands,No,Produces,Understands,Produces,Produces,Produces,Produces,Understands,Produces,Produces,No,Produces,No,Produces,Understands,Produces,No,Produces,Understands,Produces,No,Produces,No,Produces,Produces,Produces,Understands,No,No,Understands,Understands,No,No,Produces,Produces,Understands,Produces,Understands,No,Understands,Understands,Understands,Produces,No,No,Produces,Produces,Produces,Understands,Produces,Understands,No,Understands,Produces,Understands,Produces,Produces,Produces,Produces,Produces,Produces,No,Understands,Produces,Produces,Understands,Understands,Understands,No,No,Understands,Understands,Produces,Understands,No,No,Understands,No,Produces,No,Understands,Understands,No,No,Produces,No,Produces,Understands,Produces,No,No,Understands,Produces,No,Produces,No,No,No,Produces,Produces,Produces,Produces,No,Produces,Produces,Produces,Understands,Produces,Understands,Produces,No,No,Produces,Produces,Understands,Understands,Understands,Produces,Understands,No,Understands,Produces,Produces,No,Understands,Understands,Produces,Produces,Produces,Understands,No,Understands,Understands,Understands,Produces,Understands,Produces,Understands,Understands,Understands,No,Understands,Understands,Understands,Understands,No,No,Produces,Understands,Understands,Understands,No,No,Produces,No,Understands,Produces,No,Understands,Produces,Understands,Understands,No,No,Produces,No,Understands,No,Produces,No,No,No,Understands,No,No,Understands,No,Understands,Understands,Understands,Understands,No,No,No,Produces,Understands,Understands,Understands,Produces,Produces,Understands,No,Understands,No,No,Produces,Understands,Understands,Understands,Understands,Produces,Produces,No,Understands,No,Produces,No,Understands,Understands,Produces,No,Understands,Understands,Understands,Understands,Understands,Produces,No,No,No,Understands,No,No,No,No,No,Produces,No,Understands,Produces,No,No,Produces,Produces,No,No,Understands,No,No,Produces,Produces,Produces,Understands,Understands,Understands,Produces,Understands,Understands,Produces,Produces,No,Produces,Produces,Produces,Produces,No,Understands,Produces,Understands,Understands,Understands,No,No,Understands,Understands,Understands,Produces,No,Understands,No,Produces,Understands,No,No,Understands,Understands,Understands,Produces,Understands,Produces,No,Understands,Understands,Produces,Understands,No,Produces,Produces,No,Produces,No,Produces,Produces,Produces,No,Produces,Understands,Understands,Understands,No,Produces,Understands,No,Understands,No,Understands,Understands,Understands,Understands,Understands,Understands,Understands,No,Understands,No,No,Understands,No,No,No,No,Produces,Understands,No,Understands,No,Produces,Understands,No,No,Produces,No,No,Understands,Produces,No,No,Understands,No,Produces,No,Produces,Understands,Understands,No,No,Produces,No,Produces,No,No,No,Understands,No,Understands,Understands,Understands,Understands,No,No,Understands,Produces,Produces,Produces,No,Produces,No,Understands,No,No,Understands,No,Understands,No,No,No,Understands,Produces,Produces,Understands,Understands,Understands,Produces,No,No,Understands,No,No,Produces,No,No,No,No,No,Often,Often,often,Sometimes,Often,Sometimes,Not Yet,Sometimes,Not Yet,Not Yet,Sometimes,Sometimes,Yes,No,Yes,Yes,Yes,Yes,Yes,Yes,Yes,Yes,Yes,Yes,Yes,Yes,Yes,Yes,Yes,Yes,Yes,Yes,Yes,Yes,No,Yes,Yes,Yes,No,No,Yes,No,Yes,No,Yes,Yes,Yes,No,Yes,No,Yes,No,Yes,Yes,Yes,Yes,Yes,No,Yes,Yes,Yes,Yes,Yes
XS_1619,17.6,12/11/2011,5/31/2013,male,Yes,Yes,Yes,Understands,Understands,Understands,Understands,Understands,Understands,Understands,Understands,Understands,Understands,Understands,Understands,Understands,Understands,Understands,Understands,Understands,Understands,Understands,Understands,Understands,Understands,Understands,Understands,Understands,Understands,No,Understands,Sometimes,Sometimes,Produces,Understands,No,No,Produces,No,Produces,Understands,Produces,Produces,Understands,Produces,No,No,No,Produces,No,Understands,No,Understands,No,Understands,No,Produces,No,Understands,No,No,No,No,No,No,Understands,No,No,No,No,No,No,Understands,No,Understands,No,No,Understands,No,No,No,Produces,Understands,Understands,Understands,No,No,Understands,No,Understands,Produces,Understands,Understands,Produces,Understands,No,Understands,Produces,Understands,Produces,Understands,No,No,No,No,Understands,Produces,Produces,No,No,No,Understands,Understands,No,No,Understands,Produces,No,No,Understands,No,No,No,No,No,No,No,Understands,No,No,No,No,No,No,No,No,No,No,No,No,No,No,No,No,No,No,No,Understands,Understands,No,Understands,Understands,Understands,No,No,Understands,Understands,Understands,No,No,Understands,Understands,Understands,No,No,No,Understands,No,No,No,No,No,No,No,No,No,No,No,No,No,No,No,No,No,No,No,No,No,No,No,No,No,No,No,No,No,No,No,No,No,No,No,No,No,No,No,No,No,No,No,No,No,No,No,No,No,No,No,No,No,No,No,No,No,No,No,No,No,No,No,No,No,No,No,No,No,No,No,No,No,No,No,No,No,No,No,No,No,No,No,No,No,No,No,No,No,No,No,No,No,No,No,No,No,No,No,No,No,No,No,No,No,No,No,No,No,No,No,No,No,No,No,No,No,No,No,No,No,No,No,No,No,No,No,No,No,No,No,No,No,No,No,No,No,No,No,No,No,No,No,No,No,No,No,No,No,No,No,No,No,No,No,No,No,No,No,No,No,No,No,No,No,No,No,No,No,No,No,No,No,No,No,No,No,No,No,No,No,No,No,No,No,No,No,No,No,No,No,No,No,No,No,No,No,No,No,No,No,No,No,No,No,No,No,No,No,No,No,No,No,No,No,No,No,No,No,No,No,No,No,No,No,No,No,No,No,No,No,No,No,No,No,No,No,No,No,No,No,No,No,No,No,No,No,No,No,No,No,No,No,No,No,No,No,No,No,No,No,No,Often,Often,Often,Often,Often,Often,Sometimes,Not Yet,Often,Sometimes,Often,Sometimes,Yes,Yes,NA,Yes,Yes,Yes,Yes,Yes,Yes,Yes,Yes,Yes,Yes,Yes,No,No,No,Yes,Yes,Yes,Yes,Yes,Yes,No,Yes,No,No,No,No,No,No,Yes,Yes,No,Yes,No,Yes,Yes,Yes,No,Yes,Yes,Yes,Yes,Yes,Yes,No,Yes,Yes,No,Yes
XS_1622,15.3,3/2/2012,6/13/2013,female,NA,NA,NA,Understands,Understands,Understands,Understands,Understands,Understands,Understands,No,Understands,Understands,No,Understands,Understands,Understands,Understands,Understands,No,No,Understands,Understands,Understands,Understands,No,Understands,Understands,No,No,No,Sometimes,Sometimes,No,No,No,No,Understands,No,No,No,No,No,No,No,No,No,Understands,No,No,No,No,Understands,No,Understands,No,No,No,Produces,No,No,Understands,No,No,No,No,No,No,No,No,No,No,No,No,No,No,Understands,No,Understands,No,No,No,No,No,Understands,No,No,No,Understands,No,No,No,No,Produces,No,Understands,Understands,No,Understands,Produces,No,No,No,No,Understands,No,No,No,Understands,Understands,No,Produces,Understands,No,Understands,No,No,No,No,Produces,Understands,Understands,Understands,No,No,No,No,Produces,No,Produces,No,No,No,Understands,No,Produces,Produces,No,No,Understands,Understands,No,Produces,No,No,No,No,No,Understands,Understands,Understands,Understands,No,Understands,No,Understands,Understands,Understands,Understands,No,Understands,Produces,No,Understands,Produces,No,Understands,Understands,Understands,Understands,Understands,Understands,No,Understands,Understands,Understands,No,Understands,Understands,No,No,No,Produces,Understands,No,Understands,Understands,No,Understands,No,No,Understands,Produces,Produces,No,No,Understands,No,No,Understands,No,Understands,No,No,No,No,No,Understands,Understands,No,No,No,No,No,No,Understands,No,No,No,No,No,No,Understands,No,No,No,No,No,No,No,No,No,No,No,No,Produces,No,No,No,No,No,Understands,No,No,No,No,No,No,No,No,No,Produces,No,No,No,No,No,No,No,No,No,Produces,No,Understands,No,No,No,Produces,Understands,No,No,Understands,Understands,No,Understands,No,Produces,Understands,Understands,Understands,Produces,No,Understands,Understands,Produces,No,Understands,Understands,Understands,No,No,No,Understands,Understands,Understands,No,Understands,No,No,Understands,No,Understands,Understands,Understands,No,Understands,No,No,No,Understands,Understands,Understands,No,No,Understands,No,No,No,Understands,Understands,Understands,Understands,No,No,No,No,Understands,No,No,No,Understands,No,No,Understands,No,No,Understands,No,No,No,No,No,No,No,Understands,No,No,No,No,No,No,No,No,No,No,No,Produces,Understands,No,No,No,No,No,No,No,No,No,No,No,No,No,No,Understands,No,No,No,Produces,Understands,No,No,No,No,No,No,No,No,No,Understands,No,No,Understands,No,No,No,No,No,No,No,No,No,Produces,No,No,No,No,Produces,No,No,No,No,No,No,No,No,No,Understands,No,No,Understands,No,Produces,No,No,Produces,No,No,No,No,No,Sometimes,Sometimes,Sometimes,Often,Often,Often,Not Yet,Sometimes,Sometimes,Sometimes,Sometimes,Sometimes,Yes,No,No,Yes,No,Yes,Yes,Yes,Yes,Yes,No,Yes,Yes,No,Yes,Yes,No,Yes,No,Yes,Yes,Yes,Yes,NA,NA,NA,NA,NA,NA,NA,NA,NA,NA,NA,NA,NA,NA,NA,NA,NA,NA,NA,NA,NA,NA,NA,NA,NA,NA,NA,NA
XS_1628,15.9,3/20/2012,7/19/2013,female,Yes,Yes,Yes,Understands,No,Understands,No,Understands,Understands,Understands,Understands,Understands,Understands,Understands,Understands,Understands,Understands,Understands,Understands,No,No,Understands,Understands,No,Understands,No,Understands,Understands,Understands,Understands,Understands,Sometimes,Never,Understands,Understands,Understands,Understands,Understands,Understands,No,Understands,Produces,Produces,Understands,Produces,Understands,Understands,Understands,Understands,No,Understands,Understands,Understands,Understands,Understands,No,Produces,No,Understands,Understands,Understands,Understands,Understands,No,Understands,Understands,Understands,Understands,Understands,Understands,Understands,Understands,Understands,No,No,Understands,Understands,No,Understands,Understands,Understands,Understands,Understands,No,Understands,Understands,Understands,Understands,Understands,Understands,Produces,Produces,Produces,Produces,Produces,Understands,No,Understands,Understands,Produces,Produces,No,No,No,No,Understands,Understands,Produces,No,No,Understands,Understands,Understands,Understands,Produces,Understands,No,No,No,Understands,No,No,Understands,No,Understands,No,No,Understands,No,Understands,No,Understands,No,Understands,No,Understands,No,No,No,Understands,Understands,Understands,Produces,No,Understands,No,No,Understands,Understands,No,Understands,Understands,No,Understands,Understands,Understands,Understands,Understands,Understands,No,Understands,Understands,No,Understands,Understands,Understands,Understands,Understands,Understands,Understands,No,Understands,Understands,No,Understands,No,No,Understands,Understands,Understands,No,No,No,Understands,No,No,No,No,Understands,No,Understands,Understands,Understands,No,Understands,No,Understands,Understands,Understands,Understands,No,No,No,No,No,Understands,No,Understands,No,No,Understands,No,Understands,No,No,No,No,No,No,Understands,Understands,Understands,Understands,No,Understands,Understands,No,Understands,No,No,Understands,No,No,Understands,Understands,Understands,Understands,No,No,Understands,No,No,Understands,Understands,Understands,No,Understands,No,No,Understands,Understands,Understands,No,No,No,Understands,No,Understands,No,No,No,Understands,No,Understands,Understands,No,No,Understands,Understands,No,No,No,No,No,Understands,Understands,Understands,Understands,No,Understands,No,Understands,No,Understands,Understands,No,Understands,No,Understands,Produces,Understands,No,Understands,Understands,Understands,No,No,No,Understands,No,No,Understands,Understands,Understands,No,Understands,No,No,No,Understands,Understands,Understands,No,No,Understands,No,No,No,Understands,Understands,No,Understands,Understands,No,No,Understands,Understands,No,Understands,Understands,Understands,No,Understands,Understands,Understands,No,Understands,No,Understands,Understands,Understands,Understands,No,No,Understands,No,Understands,No,No,No,No,No,No,No,No,No,Produces,No,No,No,Understands,No,Understands,Understands,No,No,No,No,No,No,No,No,No,No,No,No,No,Understands,No,No,No,No,No,No,Understands,No,No,No,No,Understands,No,No,No,No,No,No,No,No,No,No,No,No,No,No,No,No,No,Understands,No,No,No,No,No,Understands,Understands,Understands,Understands,Understands,Understands,No,Produces,No,No,Understands,No,No,No,No,No,Often,Often,Often,Often,Often,Sometimes,Not Yet,Not Yet,Often,Sometimes,NA,Often,Yes,NA,NA,Yes,Yes,Yes,Yes,Yes,Yes,Yes,Yes,Yes,Yes,NA,NA,NA,NA,Yes,Yes,Yes,Yes,NA,NA,No,No,No,No,No,No,No,No,Yes,No,No,No,No,Yes,No,Yes,No,NA,Yes,No,No,Yes,No,No,No,Yes,Yes,Yes
XS_1629,16.3,3/21/2012,7/30/2013,male,Yes,Yes,Yes,Understands,Understands,Understands,Understands,Understands,Understands,Understands,Understands,Understands,Understands,Understands,Understands,Understands,Understands,Understands,Understands,Understands,Understands,Understands,Understands,Understands,Understands,Understands,Understands,Understands,Understands,No,No,Sometimes,Never,Understands,Understands,No,No,Understands,No,No,No,Produces,No,No,Produces,No,No,No,No,No,Understands,No,Produces,No,No,No,Produces,No,No,No,No,Produces,No,No,No,Produces,No,No,Understands,No,No,No,No,No,Understands,No,No,No,No,No,No,No,No,No,Understands,No,No,Understands,Understands,No,Understands,No,Understands,Understands,No,Understands,No,No,No,Understands,No,No,No,No,No,No,No,Understands,No,No,No,Understands,Understands,No,No,No,No,Understands,No,Understands,No,Understands,No,No,No,No,No,Understands,No,No,No,No,No,Understands,No,Understands,No,No,No,No,No,No,Understands,No,No,No,No,No,No,No,No,Understands,No,No,No,No,No,Understands,No,No,No,No,Understands,No,No,No,No,Understands,Understands,Understands,No,Understands,Understands,Understands,Understands,No,Understands,Understands,Understands,No,No,No,Understands,No,No,No,Understands,No,No,No,Understands,No,Understands,No,No,No,Understands,No,No,Understands,No,Understands,No,No,No,No,No,No,No,No,No,No,No,Understands,No,No,No,No,No,No,No,No,Understands,No,Understands,No,No,Understands,No,No,No,No,Understands,Understands,No,Understands,Understands,No,Understands,No,Understands,No,No,No,No,No,No,Understands,No,No,No,No,No,No,No,Understands,No,No,Understands,Understands,No,Understands,Understands,Understands,No,No,No,Understands,Understands,No,No,No,No,No,Understands,Understands,Understands,Understands,Understands,Understands,Understands,Understands,Understands,Understands,Produces,No,Understands,Understands,No,Produces,No,No,Produces,Understands,No,No,No,No,No,No,No,No,Understands,Understands,No,Understands,No,Understands,No,No,Understands,No,No,Understands,Understands,No,No,No,Understands,No,No,No,No,No,No,No,Understands,No,No,No,No,No,No,No,No,No,No,Understands,No,No,No,Understands,No,No,No,No,No,No,No,No,No,No,No,No,No,No,Understands,No,Understands,No,No,No,Understands,No,Understands,No,No,No,No,No,No,No,Understands,Understands,No,No,No,Understands,No,No,No,Understands,No,Understands,No,No,No,Understands,No,No,Understands,No,Understands,No,No,No,No,No,No,No,No,No,No,No,No,No,No,Understands,No,No,Understands,No,Understands,Understands,No,Understands,No,Understands,Understands,No,No,No,No,Understands,Understands,No,No,No,No,Often,Often,Often,Often,Often,Often,Not Yet,Often,Often,Not Yet,Often,Sometimes,Yes,No,No,Yes,Yes,Yes,Yes,Yes,Yes,No,No,Yes,No,No,Yes,Yes,No,Yes,No,Yes,Yes,Yes,Yes,No,No,Yes,Yes,Yes,No,Yes,Yes,Yes,No,No,Yes,No,Yes,No,No,No,No,Yes,Yes,Yes,Yes,No,No,No,Yes,Yes,No
XS_1631,15.9,4/8/2012,8/6/2013,female,Yes,Yes,Yes,No,Understands,Understands,No,Understands,Understands,Understands,Understands,No,Understands,Understands,Understands,Understands,No,Understands,No,Understands,No,Understands,Understands,No,Understands,Understands,Understands,Understands,No,No,No,Sometimes,Never,Produces,No,No,No,Understands,Understands,Understands,Understands,Produces,Produces,Produces,Understands,No,No,No,Produces,No,No,Understands,Understands,Understands,No,No,Understands,No,Understands,Understands,No,Understands,No,No,No,Understands,No,No,No,No,No,No,No,No,Understands,No,No,No,No,No,No,No,No,No,No,No,No,No,No,No,Produces,Understands,No,Produces,Understands,Understands,No,Understands,Understands,Understands,No,No,No,No,No,No,No,No,Understands,No,Understands,No,No,No,No,No,No,Understands,No,Understands,No,Understands,No,No,No,No,No,Understands,No,No,No,No,No,No,No,Understands,No,No,No,Understands,No,No,Produces,No,No,No,No,No,Understands,No,No,No,No,Produces,No,No,Understands,No,No,No,No,No,Understands,Understands,Produces,No,Understands,Understands,Produces,Understands,Understands,No,No,No,Understands,No,No,No,No,No,No,No,No,No,No,No,No,No,No,No,No,No,No,No,No,No,No,No,No,Understands,No,No,No,No,No,No,No,No,No,No,No,No,No,No,No,No,No,No,No,No,No,Understands,No,No,No,No,No,No,No,No,No,No,No,No,No,No,No,No,No,No,No,No,No,No,No,No,No,No,No,No,No,Understands,No,No,No,Produces,No,No,No,No,No,Produces,No,Produces,Produces,No,No,Produces,Understands,No,No,No,No,No,Produces,No,Produces,No,No,No,Produces,No,Understands,Produces,Produces,No,Understands,No,No,Produces,No,No,No,Understands,No,No,Understands,No,Understands,Understands,No,No,Understands,Understands,No,Understands,No,No,No,Understands,Understands,Understands,No,No,No,No,No,No,Understands,Understands,Understands,Understands,Understands,No,No,No,Understands,No,No,No,No,No,No,No,No,No,Understands,No,No,No,No,Understands,No,No,No,No,No,No,No,No,Understands,Understands,No,No,No,No,Understands,No,No,No,No,No,Understands,No,Understands,Understands,No,Understands,No,No,No,No,No,No,No,No,Understands,No,No,No,No,No,No,No,No,No,No,No,No,No,Understands,No,No,No,No,No,No,No,Understands,No,No,No,No,No,No,Understands,No,No,No,No,No,No,No,No,No,No,No,No,No,No,No,No,No,No,No,No,No,No,No,Often,Often,Often,Often,Often,Sometimes,Not Yet,Not Yet,Often,Sometimes,Sometimes,Not Yet,Yes,Yes,No,Yes,No,Yes,Yes,Yes,Yes,No,No,No,Yes,Yes,No,Yes,No,Yes,No,Yes,Yes,No,No,No,Yes,No,No,Yes,Yes,Yes,Yes,Yes,No,No,No,No,Yes,No,No,No,Yes,Yes,No,No,Yes,Yes,No,No,Yes,No,Yes
XS_1634,16,4/11/2012,8/12/2013,female,Yes,Yes,Yes,Understands,No,Understands,Understands,Understands,Understands,Understands,Understands,Understands,No,Understands,Understands,Understands,Understands,Understands,Understands,Understands,No,Understands,Understands,No,Understands,No,No,Understands,No,No,No,Sometimes,Sometimes,Produces,No,Understands,Produces,Produces,Produces,Understands,Understands,Produces,Understands,Produces,Understands,No,No,No,Understands,No,Understands,No,Understands,No,Understands,No,Produces,No,Understands,No,No,No,Understands,No,No,Understands,No,No,Understands,No,No,No,Understands,No,No,Understands,No,No,No,No,Understands,No,No,No,No,No,No,No,No,No,Produces,Understands,Understands,Understands,Produces,No,No,Understands,No,Produces,Understands,No,No,No,No,No,Understands,Understands,No,No,No,Understands,Understands,No,No,Understands,No,No,No,Understands,No,No,Understands,No,No,No,No,No,No,No,No,No,No,Understands,No,Understands,No,No,No,No,No,No,Understands,No,No,No,No,No,Understands,No,Understands,Understands,No,No,No,No,Understands,Understands,Understands,No,Understands,Understands,No,Understands,Understands,No,Understands,No,No,No,No,Understands,No,No,No,No,No,No,Understands,No,No,No,No,No,No,No,Understands,No,No,No,No,No,No,Understands,No,No,No,Understands,No,Understands,No,Understands,No,No,No,No,No,No,No,No,No,No,No,No,No,No,No,No,No,No,Understands,No,Understands,No,No,No,No,No,No,No,No,No,No,No,No,Understands,Understands,No,No,No,No,No,No,No,No,No,No,No,No,Understands,No,Understands,No,No,No,Produces,No,No,No,No,No,Produces,No,Understands,Understands,No,No,Produces,Understands,No,No,No,No,No,Understands,Understands,Produces,Understands,No,No,Produces,Understands,Understands,Understands,Produces,No,Understands,Understands,No,No,No,No,No,No,No,No,Understands,No,No,No,No,Understands,No,Understands,No,Understands,No,No,No,No,Understands,No,No,No,Understands,No,No,No,Understands,Understands,No,No,No,No,No,Understands,Understands,No,No,Understands,No,No,No,No,No,Understands,Understands,No,Understands,No,No,Understands,Understands,No,No,No,No,No,No,No,No,No,No,No,No,No,Understands,No,No,No,No,No,No,No,No,No,No,Understands,No,No,No,No,Understands,No,Understands,No,No,Understands,No,No,No,No,No,No,No,No,No,No,No,No,No,No,No,No,No,No,No,No,No,No,No,No,No,No,No,No,No,No,No,No,No,No,Produces,No,No,No,No,No,No,No,Understands,No,No,Understands,No,No,No,No,No,Often,Often,Often,Often,Often,Often,Not Yet,Not Yet,Sometimes,Sometimes,Not Yet,Not Yet,Yes,No,No,Yes,No,Yes,Yes,Yes,No,No,No,Yes,No,No,No,No,No,Yes,Yes,Yes,Yes,No,No,No,No,No,No,No,No,No,No,Yes,No,No,No,No,No,No,Yes,No,No,Yes,No,No,No,Yes,No,Yes,Yes,No,No
XS_1635,15.5,4/26/2012,8/13/2013,male,Yes,Yes,Yes,No,No,Understands,No,Understands,Understands,Understands,Understands,Understands,Understands,Understands,No,Understands,Understands,Understands,Understands,No,No,Understands,No,No,No,No,No,No,No,No,Understands,Sometimes,Sometimes,Produces,Produces,Understands,No,Produces,Produces,Produces,Produces,Produces,Produces,Produces,Produces,No,Understands,Produces,Produces,Understands,Produces,No,Produces,Produces,Produces,No,Produces,No,Produces,Produces,Produces,Understands,Understands,No,Produces,No,Understands,Understands,Produces,Understands,No,No,No,No,No,Understands,Understands,No,Understands,No,Produces,Produces,Produces,Produces,Produces,Produces,Understands,Understands,Produces,Understands,Produces,Produces,Understands,Understands,Produces,No,No,No,Understands,Produces,No,No,No,No,No,Understands,Produces,Produces,No,Produces,Produces,Produces,Understands,Produces,No,Understands,Understands,No,No,Produces,Produces,No,No,No,Understands,No,No,Produces,No,No,No,No,No,Produces,No,Understands,No,No,No,Understands,No,No,Understands,No,Understands,No,No,No,Produces,No,Produces,Produces,No,Understands,Understands,Produces,No,Understands,Produces,No,Produces,Produces,Produces,Understands,Produces,Understands,Produces,Understands,No,Understands,No,Understands,No,No,Produces,No,No,Understands,Understands,No,Understands,No,No,No,No,No,No,No,No,No,Understands,No,Understands,Produces,No,No,No,Produces,No,Understands,No,No,No,Understands,No,Understands,No,Understands,No,No,Understands,No,No,No,Understands,No,No,No,No,No,No,Understands,Understands,No,Understands,No,No,No,Produces,No,Produces,No,Produces,No,Produces,Understands,Understands,No,Understands,No,Understands,No,Understands,No,Understands,No,Produces,Understands,Understands,Understands,Produces,Produces,No,No,No,Understands,No,No,No,Produces,No,Produces,No,Produces,No,No,No,Produces,Produces,No,Understands,No,No,No,Understands,No,Produces,No,No,Understands,Understands,No,No,No,Produces,No,No,No,No,No,No,Understands,Produces,Understands,No,No,Understands,No,No,No,No,Understands,No,Understands,No,Understands,No,No,No,Understands,Understands,No,No,Understands,Understands,No,Understands,No,Understands,No,No,Produces,No,No,Understands,No,No,No,No,No,No,No,Understands,No,No,Understands,No,No,Understands,No,No,No,No,No,Understands,Understands,No,No,No,No,No,No,No,No,No,No,Understands,No,No,Understands,No,No,No,No,Produces,No,No,No,No,No,No,No,No,No,No,No,Produces,No,Understands,No,No,No,No,No,No,No,No,No,No,No,No,No,No,No,No,No,No,No,Understands,No,No,No,No,No,No,No,No,Understands,No,No,No,No,No,Understands,No,No,No,No,No,No,Produces,No,No,Produces,No,No,No,No,No,Sometimes,Often,NA,Often,Often,Often,Sometimes,Not Yet,Often,Sometimes,Sometimes,NA,Yes,No,No,Yes,No,Yes,Yes,Yes,Yes,Yes,Yes,Yes,Yes,No,No,Yes,No,Yes,No,Yes,Yes,No,No,No,No,No,No,No,No,No,No,No,No,No,No,No,Yes,No,Yes,No,Yes,Yes,No,Yes,Yes,Yes,No,Yes,No,Yes,No
XS_1636,,4/26/2012,8/14/2013,,Yes,Yes,Yes,Understands,No,Understands,Understands,Understands,Understands,Understands,Understands,Understands,Understands,Understands,Understands,Understands,Understands,Understands,Understands,Understands,No,Understands,Understands,Understands,Understands,No,No,Understands,No,No,Understands,Never,Never,No,Understands,Understands,No,Understands,Understands,No,Understands,Produces,No,Understands,No,Understands,Understands,Understands,Understands,Understands,Understands,Understands,Understands,Understands,Understands,No,Understands,No,Understands,Understands,Understands,Understands,No,No,Understands,Understands,Understands,Understands,Understands,No,No,No,Understands,No,Understands,Understands,No,Understands,No,No,Understands,Understands,No,No,Understands,No,No,Understands,Understands,No,Understands,No,Understands,Understands,Understands,No,Understands,Understands,Understands,Understands,Understands,No,No,No,Understands,No,Understands,Understands,Understands,No,No,Understands,Understands,Understands,No,Understands,Understands,Understands,No,Understands,Understands,No,Understands,No,No,No,No,Understands,No,Understands,Understands,Understands,Understands,Understands,Understands,Understands,Understands,Understands,No,Understands,Understands,Understands,Understands,Understands,Understands,Understands,No,Understands,No,No,Understands,Understands,Understands,No,Understands,No,Understands,No,No,No,Understands,Understands,No,No,No,No,Understands,Understands,Understands,No,Understands,Understands,No,Understands,Understands,No,No,Understands,Understands,Understands,Understands,No,No,Understands,No,Understands,No,No,No,Understands,Understands,Understands,Understands,Understands,No,No,Understands,No,Understands,Understands,No,Understands,No,Understands,No,Understands,Understands,No,Understands,Understands,Understands,No,Understands,Understands,Understands,Understands,Understands,Understands,Understands,Understands,Understands,Understands,Understands,Understands,Understands,Understands,Understands,No,No,No,Understands,No,Understands,No,Understands,Understands,Understands,No,No,No,Understands,Understands,No,No,Understands,No,No,No,Understands,Understands,Understands,Understands,No,No,Understands,Understands,No,No,Understands,Understands,Understands,Understands,Understands,Understands,Understands,No,No,Understands,Understands,No,No,Understands,Understands,Understands,Understands,Understands,Understands,Understands,Understands,Understands,Understands,Understands,Understands,Understands,Understands,No,Understands,No,Understands,Understands,Understands,Understands,Understands,Understands,Understands,No,Understands,No,Understands,Understands,Understands,Understands,Understands,Understands,Understands,Understands,Understands,No,Understands,Understands,Understands,Understands,No,Understands,Understands,No,No,No,Understands,Understands,No,Understands,No,Understands,Understands,No,Understands,Understands,Understands,No,No,No,Understands,Understands,No,Understands,Understands,No,Understands,Understands,Understands,Understands,Understands,Understands,Understands,Understands,Understands,No,No,No,No,Understands,No,No,No,No,Understands,Understands,No,No,No,No,No,Understands,Understands,No,No,Understands,No,No,No,No,Understands,Understands,No,No,Understands,Understands,No,No,Understands,Understands,No,No,No,No,No,Understands,Understands,Understands,No,Understands,No,No,No,No,No,No,No,No,No,Understands,Understands,No,No,No,No,No,No,No,No,No,Understands,Understands,Understands,No,No,Understands,No,Understands,Understands,No,No,Understands,No,No,No,No,No,Sometimes,Sometimes,Often,Often,Sometimes,Often,Often,Often,Often,Often,Often,Often,Yes,No,No,Yes,Yes,Yes,Yes,Yes,Yes,Yes,Yes,Yes,No,No,No,Yes,No,Yes,No,No,Yes,Yes,Yes,No,No,No,No,No,No,No,No,Yes,No,No,No,No,Yes,Yes,No,No,Yes,Yes,Yes,No,Yes,No,No,Yes,No,No,Yes
XS_1638,17.5,2/28/2012,8/15/2013,male,Yes,Yes,Yes,No,No,Understands,No,Understands,Understands,Understands, No,Understands,No,Understands,Understands,Understands,No,No,No,Understands,No,Understands,Understands,No,Understands,No,No,Understands,Understands,No,No,Sometimes,Sometimes,No,No,No,Produces,No,No,No,No,Produces,Produces,Produces,No,No,No,No,Produces,No,No,No,No,No,No,No,Produces,No,No,No,No,No,No,No,No,No,No,No,No,No,No,No,No,No,No,No,No,No,No,No,No,Understands,No,No,No,No,No,No,No,No,Produces,Understands,No,Understands,Produces,No,No,No,No,No,No,No,No,No,No,No,Produces,No,No,No,No,No,No,No,No,Understands,No,No,No,Understands,No,No,No,No,No,No,No,No,No,No,No,No,No,Understands,No,No,No,No,No,No,No,No,Understands,No,No,No,No,No,No,No,No,No,No,No,No,No,No,No,No,No,No,No,Understands,No,No,No,No,No,No,No,No,No,No,No,Understands,No,No,No,No,No,No,No,No,No,No,No,No,No,No,No,No,No,Understands,No,Understands,No,No,No,No,Understands,No,No,No,No,No,No,No,No,No,No,No,No,No,No,No,No,No,No,No,No,No,No,No,No,No,No,No,No,No,No,No,No,No,No,Produces,Understands,No,No,No,No,No,No,No,No,No,No,No,No,No,No,No,Understands,No,No,No,Produces,No,No,No,No,No,Produces,No,No,No,No,No,Produces,Understands,No,No,No,No,No,No,No,Produces,No,No,No,Produces,No,No,Understands,Produces,Understands,Understands,Understands,No,Understands,Understands,No,No,No,No,No,No,No,No,No,No,No,No,No,No,No,No,No,Understands,No,Understands,No,No,No,No,No,No,No,Understands,Understands,Understands,No,No,No,No,No,No,No,No,Understands,No,No,No,No,No,No,Understands,No,No,No,Understands,Understands,No,No,No,No,No,No,No,No,No,No,No,No,No,No,Understands,No,No,No,No,No,Understands,No,No,No,No,No,No,Understands,No,No,Understands,No,No,No,Produces,No,No,No,No,No,No,No,No,No,No,No,No,No,No,No,Understands,No,No,No,No,Understands,Understands,No,Produces,Understands,No,No,No,Understands,No,No,No,No,No,Produces,Produces,No,No,No,No,No,No,No,Produces,No,No,Understands,No,No,No,No,No,Often,Often,Often,Often,Often,Often,Not Yet,Not Yet,Sometimes,Sometimes,Not Yet,Not Yet,Yes,No,No,Yes,Yes,Yes,Yes,Yes,Yes,Yes,No,Yes,No,No,Yes,No,No,Yes,No,Yes,Yes,No,Yes,No,No,No,No,No,No,No,No,Yes,No,No,No,No,No,No,No,No,No,Yes,No,No,No,Yes,No,Yes,Yes,No,No
XS_1639,15.2,5/14/2012,8/21/2013,female,Yes,Yes,Yes,Understands,No,Understands,No,Understands,No,Understands,Understands,Understands,Understands,Understands,No,Understands,Understands,Understands,Understands,Understands,No,Understands,Understands,Understands,Understands,No,Understands,Understands,Understands,No,No,Sometimes,Often,No,Understands,No,No,Produces,Understands,No,Understands,Produces,No,Produces,Produces,No,No,No,Produces,No,No,Produces,Understands,No,Understands,No,Produces,No,Understands,Understands,No,No,No,No,No,Understands,No,No,Understands,No,Produces,No,No,No,Understands,No,No,Understands,No,No,No,Produces,Understands,No,No,No,Understands,No,Understands,Produces,Produces,Produces,Understands,Produces,Produces,Understands,No,Understands,Produces,Understands,Produces,No,No,No,No,Understands,Understands,Understands,No,No,Understands,Understands,Understands,No,No,Understands,No,Understands,No,Understands,No,No,No,No,No,No,No,No,No,No,No,No,No,Understands,No,Produces,No,No,Understands,Understands,No,No,Understands,No,No,No,No,No,No,No,Produces,Understands,No,Understands,No,Produces,Understands,Understands,No,No,Understands,Produces,No,Produces,No,Understands,Produces,Understands,Understands,Understands,No,Understands,No,No,Understands,No,No,No,No,No,No,No,No,No,No,No,Understands,No,No,No,No,No,Produces,No,Understands,Understands,Produces,No,No,Understands,No,No,No,Understands,No,No,No,Understands,No,No,No,No,No,No,No,No,No,No,No,No,No,Understands,Understands,No,Understands,Understands,No,No,No,No,Produces,No,Understands,No,Understands,Produces,Understands,No,Understands,No,No,No,No,No,Understands,No,Understands,No,No,Understands,No,Understands,No,No,No,Produces,No,No,No,No,No,Produces,No,Understands,Understands,No,No,Produces,Understands,No,No,No,No,No,Produces,Understands,Produces,Understands,Understands,Understands,Understands,Understands,Understands,Understands,Understands,No,Understands,No,No,No,Understands,Understands,Understands,No,Understands,No,Understands,No,No,Understands,No,Understands,Understands,Understands,No,Produces,No,Understands,No,Understands,Understands,Understands,Understands,No,Understands,No,Understands,Understands,Understands,Understands,No,Produces,Understands,Understands,Understands,Understands,Understands,No,Understands,Understands,No,Understands,No,No,No,No,Understands,Understands,Understands,Understands,Understands,Understands,Understands,Understands,Understands,No,No,No,No,No,No,Understands,No,No,No,No,Produces,Understands,No,No,Produces,No,Understands,No,Produces,No,No,Understands,No,Understands,No,No,Understands,Understands,No,No,Produces,Understands,No,No,No,Understands,No,No,No,No,No,No,No,Understands,No,No,Understands,No,No,No,No,No,No,No,Produces,No,Understands,No,No,Understands,No,Understands,No,No,No,No,Produces,Understands,Produces,Understands,Understands,Understands,Understands,Understands,Produces,No,No,Produces,No,No,No,No,No,Often,Often,Often,Often,Sometimes,Sometimes,Not Yet,Not Yet,Often,often,Often,Sometimes,Yes,No,No,Yes,No,Yes,Yes,Yes,Yes,Yes,Yes,Yes,Yes,Yes,No,Yes,No,Yes,Yes,Yes,Yes,Yes,No,No,No,No,Yes,Yes,No,No,No,Yes,No,No,No,No,No,No,Yes,No,Yes,Yes,Yes,No,Yes,No,No,Yes,Yes,Yes,Yes
